,date,state,Population,Per100kDeath,Per100kTests,Per100kDeathCumulative,Per100kTestsCumulative,Date,DateTime
4231,20200301,MI,9883640.0,0.0,0.0,0.0,0.09105956914658972,301,2020-03-01
4228,20200302,MI,9883640.0,0.0,0.09105956914658972,0.0,0.18211913829317944,302,2020-03-02
4225,20200303,MI,9883640.0,0.0,0.16188367848282617,0.0,0.34400281677600564,303,2020-03-03
4215,20200304,MI,9883640.0,0.0,0.18211913829317944,0.0,0.526121955069185,304,2020-03-04
4214,20200304,IL,12830632.0,0.0,0.0,0.0,0.9976125883744464,304,2020-03-04
4201,20200305,OH,11536504.0,0.0,0.0,0.0,0.06067696071530856,305,2020-03-05
4196,20200305,NE,1826341.0,0.0,0.0,0.0,0.9308228857590122,305,2020-03-05
4194,20200305,MI,9883640.0,0.0,0.28329643734494575,0.0,0.8094183924141309,305,2020-03-05
4192,20200305,IL,12830632.0,0.0,0.32734163056036525,0.0,1.3249542189348116,305,2020-03-05
4174,20200306,OH,11536504.0,0.0,0.008668137245044078,0.0,0.06934509796035263,306,2020-03-06
4168,20200306,NE,1826341.0,0.0,0.0,0.0,0.9308228857590122,306,2020-03-06
4166,20200306,MN,5303925.0,0.0,0.0,0.0,0.6787426292792601,306,2020-03-06
4165,20200306,MI,9883640.0,0.0,0.2630609775345925,0.0,1.0724793699487234,306,2020-03-06
4162,20200306,KS,2853118.0,0.0,0.0,0.0,0.14019749621291513,306,2020-03-06
4161,20200306,IN,6483802.0,0.0,0.0,0.0,0.015423049624279088,306,2020-03-06
4160,20200306,IL,12830632.0,0.0,0.11690772520013044,0.0,1.441861944134942,306,2020-03-06
4159,20200306,IA,3046355.0,0.0,0.0,0.0,0.4923917271624614,306,2020-03-06
4134,20200307,OH,11536504.0,0.0,0.008668137245044078,0.0,0.07801323520539671,307,2020-03-07
4128,20200307,NE,1826341.0,0.0,0.05475428739758895,0.0,0.9855771731566011,307,2020-03-07
4123,20200307,MO,5988927.0,0.0,0.0,0.0,0.0,307,2020-03-07
4122,20200307,MN,5303925.0,0.0,0.24510150501751063,0.0,0.9238441342967708,307,2020-03-07
4121,20200307,MI,9883640.0,0.0,0.40470919620706547,0.0,1.4771885661557889,307,2020-03-07
4116,20200307,KS,2853118.0,0.0,0.24534561837260146,0.0,0.38554311458551666,307,2020-03-07
4115,20200307,IN,6483802.0,0.0,0.0,0.0,0.015423049624279088,307,2020-03-07
4114,20200307,IL,12830632.0,0.0,0.09352618016010435,0.0,1.5353881242950467,307,2020-03-07
4112,20200307,IA,3046355.0,0.0,0.0,0.0,0.4923917271624614,307,2020-03-07
4084,20200308,OH,11536504.0,0.0,0.008668137245044078,0.0,0.08668137245044079,308,2020-03-08
4078,20200308,NE,1826341.0,0.0,0.0,0.0,0.9855771731566011,308,2020-03-08
4073,20200308,MO,5988927.0,0.0,0.01669748186945675,0.0,0.01669748186945675,308,2020-03-08
4072,20200308,MN,5303925.0,0.0,0.0,0.0,0.9238441342967708,308,2020-03-08
4071,20200308,MI,9883640.0,0.0,0.4856510354484785,0.0,1.962839601604267,308,2020-03-08
4066,20200308,KS,2853118.0,0.0,0.035049374053228784,0.0,0.4205924886387454,308,2020-03-08
4065,20200308,IN,6483802.0,0.0,0.015423049624279088,0.0,0.030846099248558176,308,2020-03-08
4064,20200308,IL,12830632.0,0.0,0.0,0.0,1.5353881242950467,308,2020-03-08
4062,20200308,IA,3046355.0,0.0,0.0,0.0,0.4923917271624614,308,2020-03-08
4034,20200309,OH,11536504.0,0.0,0.03467254898017631,0.0,0.12135392143061711,309,2020-03-09
4028,20200309,NE,1826341.0,0.0,1.1498400353493679,0.0,2.1354172085059693,309,2020-03-09
4023,20200309,MO,5988927.0,0.0,0.0,0.0,0.01669748186945675,309,2020-03-09
4022,20200309,MN,5303925.0,0.0,0.6221807435059885,0.0,1.5460248778027592,309,2020-03-09
4021,20200309,MI,9883640.0,0.0,0.971302070896957,0.0,2.934141672501224,309,2020-03-09
4016,20200309,KS,2853118.0,0.0,0.0,0.0,0.4205924886387454,309,2020-03-09
4015,20200309,IN,6483802.0,0.0,0.0,0.0,0.030846099248558176,309,2020-03-09
4014,20200309,IL,12830632.0,0.0,0.007793848346675363,0.0,1.5431819726417215,309,2020-03-09
4012,20200309,IA,3046355.0,0.0,0.45956561201829726,0.0,0.9519573391807585,309,2020-03-09
3984,20200310,OH,11536504.0,0.0,0.026004411735132238,0.0,0.14735833316574934,310,2020-03-10
3978,20200310,NE,1826341.0,0.0,0.6022971613734784,0.0,2.7377143698794475,310,2020-03-10
3973,20200310,MO,5988927.0,0.0,0.0,0.0,0.01669748186945675,310,2020-03-10
3972,20200310,MN,5303925.0,0.0,0.9992599819944663,0.0,2.5452848597972255,310,2020-03-10
3971,20200310,MI,9883640.0,0.0,1.0825970998539,0.0,4.016738772355124,310,2020-03-10
3966,20200310,KS,2853118.0,0.0,0.2102962443193727,0.0,0.6308887329581181,310,2020-03-10
3965,20200310,IN,6483802.0,0.0,0.524383687225489,0.0,0.5552297864740472,310,2020-03-10
3964,20200310,IL,12830632.0,0.0,0.5066001425338986,0.0,2.0497821151756206,310,2020-03-10
3962,20200310,IA,3046355.0,0.0,0.36108726658580503,0.0,1.3130446057665637,310,2020-03-10
3934,20200311,OH,11536504.0,0.0,0.06934509796035263,0.0,0.216703431126102,311,2020-03-11
3928,20200311,NE,1826341.0,0.0,0.1095085747951779,0.0,2.8472229446746256,311,2020-03-11
3923,20200311,MO,5988927.0,0.0,0.0,0.0,0.01669748186945675,311,2020-03-11
3922,20200311,MN,5303925.0,0.0,1.6402946874248787,0.0,4.185579547222105,311,2020-03-11
3921,20200311,MI,9883640.0,0.0,1.5884835951127316,0.0,5.6052223674678565,311,2020-03-11
3916,20200311,KS,2853118.0,0.0,0.8411849772774908,0.0,1.472073710235609,311,2020-03-11
3915,20200311,IN,6483802.0,0.0,0.10796134736995362,0.0,0.6631911338440007,311,2020-03-11
3914,20200311,IL,12830632.0,0.0,0.0,0.0,2.0497821151756206,311,2020-03-11
3912,20200311,IA,3046355.0,0.0,0.6236961877391177,0.0,1.9367407935056813,311,2020-03-11
3884,20200312,OH,11536504.0,0.0,0.08668137245044079,0.0,0.30338480357654274,312,2020-03-12
3878,20200312,NE,1826341.0,0.0,2.08066292110838,0.0,4.927885865783006,312,2020-03-12
3873,20200312,MO,5988927.0,0.0,1.068638839645232,0.0,1.0853363215146887,312,2020-03-12
3872,20200312,MN,5303925.0,0.0,1.7722724208958458,0.0,5.95785196811795,312,2020-03-12
3871,20200312,MI,9883640.0,0.0,2.418137447337216,0.0,8.023359814805072,312,2020-03-12
3865,20200312,KS,2853118.0,0.0,0.10514812215968634,0.0,1.5772218323952951,312,2020-03-12
3864,20200312,IN,6483802.0,0.0,0.3238840421098608,0.0,0.9870751759538616,312,2020-03-12
3863,20200312,IL,12830632.0,0.0,0.21822775370691014,0.0,2.2680098688825305,312,2020-03-12
3861,20200312,IA,3046355.0,0.0,0.7221745331716101,0.0,2.6589153266772914,312,2020-03-12
3833,20200313,OH,11536504.0,0.0,0.24270784286123423,0.0,0.546092646437777,313,2020-03-13
3827,20200313,NE,1826341.0,0.0,0.16426286219276684,0.0,5.092148727975773,313,2020-03-13
3822,20200313,MO,5988927.0,0.0,0.133579854955654,0.0,1.2189161764703427,313,2020-03-13
3821,20200313,MN,5303925.0,0.0,4.506096899937311,0.0,10.46394886805526,313,2020-03-13
3820,20200313,MI,9883640.0,0.0,2.883553022975341,0.0,10.906912837780412,313,2020-03-13
3814,20200313,KS,2853118.0,0.0,1.8926661988743545,0.0,3.4698880312696496,313,2020-03-13
3813,20200313,IN,6483802.0,0.0,0.1388074466185118,0.0,1.1258826225723735,313,2020-03-13
3812,20200313,IL,12830632.0,0.0,0.2727846921336377,0.0,2.540794561016168,313,2020-03-13
3810,20200313,IA,3046355.0,0.0,0.5908700725949536,0.0,3.2497853992722447,313,2020-03-13
3782,20200314,OH,11536504.0,0.0,0.0,0.0,0.546092646437777,314,2020-03-14
3776,20200314,NE,1826341.0,0.0,0.05475428739758895,0.0,5.146903015373361,314,2020-03-14
3771,20200314,MO,5988927.0,0.0,0.3506471192585917,0.0,1.5695632957289345,314,2020-03-14
3770,20200314,MN,5303925.0,0.0,5.901290082344678,0.0,16.365238950399938,314,2020-03-14
3769,20200314,MI,9883640.0,0.0,3.268026759372053,0.0,14.174939597152465,314,2020-03-14
3763,20200314,KS,2853118.0,0.035049374053228784,0.0,0.035049374053228784,3.4698880312696496,314,2020-03-14
3762,20200314,IN,6483802.0,0.0,0.2467687939884654,0.0,1.3726514165608388,314,2020-03-14
3761,20200314,IL,12830632.0,0.0,0.28057854048031305,0.0,2.821373101496481,314,2020-03-14
3759,20200314,IA,3046355.0,0.0,0.03282611514416409,0.0,3.2826115144164096,314,2020-03-14
3731,20200315,OH,11536504.0,0.0,0.9708313714449369,0.0,1.516924017882714,315,2020-03-15
3725,20200315,NE,1826341.0,0.0,0.16426286219276684,0.0,5.311165877566128,315,2020-03-15
3720,20200315,MO,5988927.0,0.0,0.5510169016920727,0.0,2.120580197421007,315,2020-03-15
3719,20200315,MN,5303925.0,0.0,10.445094906130837,0.0,26.81033385653078,315,2020-03-15
3718,20200315,MI,9883640.0,0.0,2.8734352930701643,0.0,17.048374890222632,315,2020-03-15
3712,20200315,KS,2853118.0,0.0,1.5421724583420666,0.035049374053228784,5.012060489611716,315,2020-03-15
3711,20200315,IN,6483802.0,0.0,0.4935375879769308,0.0,1.8661890045377698,315,2020-03-15
3710,20200315,IL,12830632.0,0.0,1.1768711003479797,0.0,3.998244201844461,315,2020-03-15
3708,20200315,IA,3046355.0,0.0,0.03282611514416409,0.0,3.315437629560573,315,2020-03-15
3678,20200316,OH,11536504.0,0.0,0.1300220586756612,0.0,1.646946076558375,316,2020-03-16
3672,20200316,NE,1826341.0,0.0,4.982640153180594,0.0,10.293806030746723,316,2020-03-16
3666,20200316,MO,5988927.0,0.0,0.7179917203866403,0.0,2.838571917807647,316,2020-03-16
3665,20200316,MN,5303925.0,0.0,8.880216066403653,0.0,35.69054992293443,316,2020-03-16
3664,20200316,MI,9883640.0,0.0,5.261219550691851,0.0,22.30959444091448,316,2020-03-16
3658,20200316,KS,2853118.0,0.0,1.1916787178097787,0.035049374053228784,6.203739207421495,316,2020-03-16
3657,20200316,IN,6483802.0,0.015423049624279088,0.2776148932370236,0.015423049624279088,2.1438038977747933,316,2020-03-16
3656,20200316,IL,12830632.0,0.0,3.9904503534977858,0.0,7.988694555342247,316,2020-03-16
3654,20200316,IA,3046355.0,0.0,0.13130446057665637,0.0,3.4467420901372297,316,2020-03-16
3622,20200317,OH,11536504.0,0.0,0.14735833316574934,0.0,1.7943044097241243,317,2020-03-17
3616,20200317,NE,1826341.0,0.0,2.1354172085059693,0.0,12.429223239252691,317,2020-03-17
3610,20200317,MO,5988927.0,0.0,0.7513866841255536,0.0,3.589958601933201,317,2020-03-17
3609,20200317,MN,5303925.0,0.0,8.352305132519785,0.0,44.04285505545421,317,2020-03-17
3608,20200317,MI,9883640.0,0.0,8.23583214281378,0.0,30.54542658372826,317,2020-03-17
3602,20200317,KS,2853118.0,0.0,7.710862291710332,0.035049374053228784,13.914601499131825,317,2020-03-17
3601,20200317,IN,6483802.0,0.015423049624279088,0.3084609924855818,0.030846099248558176,2.4522648902603748,317,2020-03-17
3600,20200317,IL,12830632.0,0.007793848346675363,3.694284116324122,0.007793848346675363,11.682978671666369,317,2020-03-17
3598,20200317,IA,3046355.0,0.0,0.03282611514416409,0.0,3.4795682052813937,317,2020-03-17
3566,20200318,OH,11536504.0,0.0,0.18203088214592567,0.0,1.9763352918700499,318,2020-03-18
3560,20200318,NE,1826341.0,0.0,0.16426286219276684,0.0,12.593486101445457,318,2020-03-18
3554,20200318,MO,5988927.0,0.0,0.8515715753422942,0.0,4.441530177275495,318,2020-03-18
3553,20200318,MN,5303925.0,0.0,8.031787779804578,0.0,52.0746428352588,318,2020-03-18
3552,20200318,MI,9883640.0,0.0,11.220562464840889,0.0,41.76598904856915,318,2020-03-18
3546,20200318,KS,2853118.0,0.0,1.2617774659162362,0.035049374053228784,15.176378965048062,318,2020-03-18
3545,20200318,IN,6483802.0,0.0,0.524383687225489,0.030846099248558176,2.976648577485864,318,2020-03-18
3544,20200318,IL,12830632.0,0.0,4.3022042873648,0.007793848346675363,15.985182959031167,318,2020-03-18
3542,20200318,IA,3046355.0,0.0,0.19695669086498455,0.0,3.676524896146378,318,2020-03-18
3510,20200319,OH,11536504.0,0.0,0.2687122545963665,0.0,2.2450475464664166,319,2020-03-19
3504,20200319,NE,1826341.0,0.0,2.025908633710791,0.0,14.619394735156249,319,2020-03-19
3498,20200319,MO,5988927.0,0.01669748186945675,1.1020338033841455,0.01669748186945675,5.543563980659641,319,2020-03-19
3497,20200319,MN,5303925.0,0.0,5.203693491140995,0.0,57.27833632639979,319,2020-03-19
3496,20200319,MI,9883640.0,0.030353189715529905,10.61349867053029,0.030353189715529905,52.37948771909944,319,2020-03-19
3490,20200319,KS,2853118.0,0.0,0.6308887329581181,0.035049374053228784,15.80726769800618,319,2020-03-19
3489,20200319,IN,6483802.0,0.0,2.8841102797401894,0.030846099248558176,5.860758857226053,319,2020-03-19
3488,20200319,IL,12830632.0,0.023381545040026087,8.542057787956198,0.03117539338670145,24.527240746987363,319,2020-03-19
3486,20200319,IA,3046355.0,0.0,0.2954350362974768,0.0,3.971959932443855,319,2020-03-19
3454,20200320,OH,11536504.0,0.008668137245044078,0.433406862252204,0.008668137245044078,2.67845440871862,320,2020-03-20
3448,20200320,NE,1826341.0,0.0,0.27377143698794476,0.0,14.893166172144195,320,2020-03-20
3442,20200320,MO,5988927.0,0.0,1.4025884770343668,0.01669748186945675,6.946152457694008,320,2020-03-20
3441,20200320,MN,5303925.0,0.0,15.422540854178745,0.0,72.70087718057853,320,2020-03-20
3440,20200320,MI,9883640.0,0.0,16.14789692866191,0.030353189715529905,68.52738464776135,320,2020-03-20
3434,20200320,KS,2853118.0,0.0,0.3504937405322879,0.035049374053228784,16.157761438538472,320,2020-03-20
3433,20200320,IN,6483802.0,0.0,2.683610634624561,0.030846099248558176,8.544369491850615,320,2020-03-20
3432,20200320,IL,12830632.0,0.007793848346675363,8.838224025129861,0.03896924173337681,33.36546477211723,320,2020-03-20
3430,20200320,IA,3046355.0,0.0,18.579581171596878,0.0,22.55154110404073,320,2020-03-20
3398,20200321,OH,11536504.0,0.017336274490088156,0.6761147051134382,0.026004411735132238,3.3545691138320586,321,2020-03-21
3392,20200321,NE,1826341.0,0.0,6.680023062505851,0.0,21.573189234650048,321,2020-03-21
3386,20200321,MO,5988927.0,0.0333949637389135,0.4341345286058755,0.05009244560837024,7.3802869862998834,321,2020-03-21
3385,20200321,MN,5303925.0,0.018853961924423894,4.4118270903151915,0.018853961924423894,77.11270427089372,321,2020-03-21
3384,20200321,MI,9883640.0,0.02023545981035327,14.83259204098895,0.050588649525883184,83.35997668875031,321,2020-03-21
3378,20200321,KS,2853118.0,0.035049374053228784,0.38554311458551666,0.07009874810645757,16.54330455312399,321,2020-03-21
3377,20200321,IN,6483802.0,0.030846099248558176,4.303030845173866,0.06169219849711635,12.847400337024482,321,2020-03-21
3376,20200321,IL,12830632.0,0.007793848346675363,15.275942759483708,0.04676309008005217,48.64140753160093,321,2020-03-21
3374,20200321,IA,3046355.0,0.0,14.115229511990558,0.0,36.666770616031286,321,2020-03-21
3342,20200322,OH,11536504.0,0.0,0.9014862734845842,0.026004411735132238,4.256055387316643,322,2020-03-22
3336,20200322,NE,1826341.0,0.0,0.5475428739758895,0.0,22.120732108625933,322,2020-03-22
3330,20200322,MO,5988927.0,0.0,0.28385719178076474,0.05009244560837024,7.664144178080647,322,2020-03-22
3329,20200322,MN,5303925.0,0.0,11.123837535410097,0.018853961924423894,88.23654180630382,322,2020-03-22
3328,20200322,MI,9883640.0,0.030353189715529905,5.777223775855859,0.08094183924141309,89.13720046460617,322,2020-03-22
3322,20200322,KS,2853118.0,0.0,0.31544436647905905,0.07009874810645757,16.858748919603045,322,2020-03-22
3321,20200322,IN,6483802.0,0.030846099248558176,10.194635801648477,0.09253829774567453,23.04203613867296,322,2020-03-22
3320,20200322,IL,12830632.0,0.023381545040026087,16.203410712738076,0.07014463512007826,64.84481824433902,322,2020-03-22
3318,20200322,IA,3046355.0,0.0,6.1713096471028495,0.0,42.83808026313414,322,2020-03-22
3286,20200323,OH,11536504.0,0.026004411735132238,0.7888004892990111,0.052008823470264476,5.044855876615654,323,2020-03-23
3280,20200323,NE,1826341.0,0.0,0.1095085747951779,0.0,22.230240683421112,323,2020-03-23
3274,20200323,MO,5988927.0,0.0,1.5528658138594778,0.05009244560837024,9.217009991940126,323,2020-03-23
3273,20200323,MN,5303925.0,0.0,1.244361487011977,0.018853961924423894,89.4809032933158,323,2020-03-23
3272,20200323,MI,9883640.0,0.07082410933623644,16.95731532107604,0.15176594857764952,106.0945157856822,323,2020-03-23
3266,20200323,KS,2853118.0,0.0,0.6308887329581181,0.07009874810645757,17.48963765256116,323,2020-03-23
3265,20200323,IN,6483802.0,0.015423049624279088,7.1871411249140555,0.10796134736995362,30.22917726358701,323,2020-03-23
3264,20200323,IL,12830632.0,0.023381545040026087,11.971351060493356,0.09352618016010435,76.81616930483237,323,2020-03-23
3262,20200323,IA,3046355.0,0.0,27.67241506653033,0.0,70.51049532966447,323,2020-03-23
3230,20200324,OH,11536504.0,0.017336274490088156,1.0575127438953777,0.06934509796035263,6.102368620511032,324,2020-03-24
3224,20200324,NE,1826341.0,0.0,34.00241247390274,0.0,56.232653157323846,324,2020-03-24
3218,20200324,MO,5988927.0,0.0,0.0,0.05009244560837024,9.217009991940126,324,2020-03-24
3217,20200324,MN,5303925.0,0.0,20.09832341143587,0.018853961924423894,109.57922670475166,324,2020-03-24
3216,20200324,MI,9883640.0,0.09105956914658972,17.716145063964287,0.24282551772423924,123.8106608496465,324,2020-03-24
3210,20200324,KS,2853118.0,0.0,59.0581952796905,0.07009874810645757,76.54783293225167,324,2020-03-24
3209,20200324,IN,6483802.0,0.07711524812139545,14.975781185174995,0.18507659549134906,45.20495844876201,324,2020-03-24
3208,20200324,IL,12830632.0,0.03117539338670145,12.57147738318736,0.1247015735468058,89.38764668801973,324,2020-03-24
3206,20200324,IA,3046355.0,0.0,9.552399506951751,0.0,80.06289483661621,324,2020-03-24
3174,20200325,OH,11536504.0,0.017336274490088156,121.87400966531975,0.08668137245044079,127.97637828583079,325,2020-03-25
3168,20200325,NE,1826341.0,0.0,18.506949140385068,0.0,74.73960229770891,325,2020-03-25
3162,20200325,MO,5988927.0,0.08348740934728376,2.8886643634160176,0.133579854955654,12.105674355356143,325,2020-03-25
3161,20200325,MN,5303925.0,0.0,106.76998637801252,0.018853961924423894,216.34921308276415,325,2020-03-25
3160,20200325,MI,9883640.0,0.1922368681983561,23.87784257621686,0.43506238592259533,147.68850342586336,325,2020-03-25
3154,20200325,KS,2853118.0,0.035049374053228784,10.584910964075092,0.10514812215968634,87.13274389632674,325,2020-03-25
3153,20200325,IN,6483802.0,0.030846099248558176,6.554796090318613,0.21592269473990724,51.75975453908062,325,2020-03-25
3152,20200325,IL,12830632.0,0.023381545040026087,21.355144469890494,0.1480831185868319,110.74279115791022,325,2020-03-25
3150,20200325,IA,3046355.0,0.03282611514416409,9.322616700942602,0.03282611514416409,89.38551153755883,325,2020-03-25
3118,20200326,OH,11536504.0,0.043340686225220394,22.12108624935249,0.1300220586756612,150.09746453518326,326,2020-03-26
3112,20200326,NE,1826341.0,0.0,15.988251920095973,0.0,90.72785421780489,326,2020-03-26
3106,20200326,MO,5988927.0,0.0,2.4378323529406853,0.133579854955654,14.54350670829683,326,2020-03-26
3105,20200326,MN,5303925.0,0.018853961924423894,27.809593838525245,0.03770792384884779,244.15880692128943,326,2020-03-26
3104,20200326,MI,9883640.0,0.17200140838800282,35.159111420488806,0.6070637943105981,182.84761484635214,326,2020-03-26
3098,20200326,KS,2853118.0,0.0,19.31220510332906,0.10514812215968634,106.44494899965582,326,2020-03-26
3097,20200326,IN,6483802.0,0.046269148872837264,19.97284926344142,0.2621918436127445,71.73260380252204,326,2020-03-26
3096,20200326,IL,12830632.0,0.054556938426727535,18.876700695647727,0.20264005701355942,129.61949185355795,326,2020-03-26
3094,20200326,IA,3046355.0,0.0,1.116087914901579,0.03282611514416409,90.5015994524604,326,2020-03-26
3062,20200327,OH,11536504.0,0.03467254898017631,24.556832815209873,0.16469460765583752,174.65429735039316,327,2020-03-27
3056,20200327,NE,1826341.0,0.0,10.348560318144312,0.0,101.0764145359492,327,2020-03-27
3050,20200327,MO,5988927.0,0.0,2.788479472199277,0.133579854955654,17.331986180496106,327,2020-03-27
3049,20200327,MN,5303925.0,0.03770792384884779,19.853221906418362,0.07541584769769558,264.01202882770775,327,2020-03-27
3048,20200327,MI,9883640.0,0.32376735696565234,32.63979667409983,0.9308311512762505,215.48741152045199,327,2020-03-27
3042,20200327,KS,2853118.0,0.035049374053228784,13.809453376972142,0.14019749621291513,120.25440237662795,327,2020-03-27
3041,20200327,IN,6483802.0,0.10796134736995362,35.24166839147772,0.3701531909826981,106.97427219399977,327,2020-03-27
3040,20200327,IL,12830632.0,0.0623507867734029,38.275589230522705,0.2649908437869623,167.89508108408066,327,2020-03-27
3038,20200327,IA,3046355.0,0.06565223028832819,39.98220824559186,0.09847834543249227,130.48380769805226,327,2020-03-27
3006,20200328,OH,11536504.0,0.052008823470264476,2.3317289189168573,0.216703431126102,176.98602626931003,328,2020-03-28
3000,20200328,NE,1826341.0,0.1095085747951779,8.432160259228697,0.1095085747951779,109.5085747951779,328,2020-03-28
2994,20200328,MO,5988927.0,0.0333949637389135,165.0045158339716,0.1669748186945675,182.3365020144677,328,2020-03-28
2993,20200328,MN,5303925.0,0.018853961924423894,40.0835230513252,0.09426980962211946,304.095551879033,328,2020-03-28
2992,20200328,MI,9883640.0,0.0,21.97570935404365,0.9308311512762505,237.46312087449564,328,2020-03-28
2986,20200328,KS,2853118.0,0.035049374053228784,17.55973640066762,0.17524687026614394,137.81413877729557,328,2020-03-28
2985,20200328,IN,6483802.0,0.10796134736995362,22.68730599731454,0.4781145383526517,129.66157819131428,328,2020-03-28
2984,20200328,IL,12830632.0,0.10132002850677971,30.77790712102101,0.36631087229374204,198.6729882051017,328,2020-03-28
2982,20200328,IA,3046355.0,0.0,22.912628370626535,0.09847834543249227,153.3964360686788,328,2020-03-28
2950,20200329,OH,11536504.0,0.03467254898017631,2.1410298995258876,0.2513759801062783,179.1270561688359,329,2020-03-29
2944,20200329,NE,1826341.0,0.0,4.16132584221676,0.1095085747951779,113.66990063739466,329,2020-03-29
2938,20200329,MO,5988927.0,0.0,24.46181093875414,0.1669748186945675,206.79831295322185,329,2020-03-29
2937,20200329,MN,5303925.0,0.07541584769769558,28.808853820519708,0.16968565731981503,332.9044056995527,329,2020-03-29
2936,20200329,MI,9883640.0,0.40470919620706547,22.420889469871426,1.3355403474833158,259.8840103443671,329,2020-03-29
2930,20200329,KS,2853118.0,0.035049374053228784,20.363686324925922,0.2102962443193727,158.1778251022215,329,2020-03-29
2929,20200329,IN,6483802.0,0.015423049624279088,21.946999615349142,0.4935375879769308,151.60857780666342,329,2020-03-29
2928,20200329,IL,12830632.0,0.14028927024015653,17.699829595299747,0.5066001425338986,216.3728178004014,329,2020-03-29
2926,20200329,IA,3046355.0,0.03282611514416409,22.19045383745493,0.13130446057665637,175.5868899061337,329,2020-03-29
2894,20200330,OH,11536504.0,0.08668137245044079,57.29638718974137,0.3380573525567191,236.42344335857726,330,2020-03-30
2888,20200330,NE,1826341.0,0.0,35.754549670625586,0.1095085747951779,149.42445030802025,330,2020-03-30
2882,20200330,MO,5988927.0,0.05009244560837024,30.890341458494984,0.21706726430293774,237.68865441171684,330,2020-03-30
2881,20200330,MN,5303925.0,0.018853961924423894,21.964865641953836,0.18853961924423893,354.86927134150653,330,2020-03-30
2880,20200330,MI,9883640.0,0.526121955069185,64.73323593332012,1.861662302552501,324.6172462776872,330,2020-03-30
2874,20200330,KS,2853118.0,0.07009874810645757,14.335193987770573,0.28039499242583027,172.51301908999207,330,2020-03-30
2873,20200330,IN,6483802.0,0.046269148872837264,28.19333471318217,0.5398067368497681,179.80191251984562,330,2020-03-30
2872,20200330,IL,12830632.0,0.0623507867734029,20.918688962476676,0.5689509293073014,237.29150676287807,330,2020-03-30
2870,20200330,IA,3046355.0,0.06565223028832819,40.605904433330984,0.19695669086498455,216.1927943394647,330,2020-03-30
2838,20200331,OH,11536504.0,0.13869019592070525,16.608150961504457,0.47674754847742434,253.03159432008172,331,2020-03-31
2832,20200331,NE,1826341.0,0.05475428739758895,20.478103486698267,0.16426286219276684,169.9025537947185,331,2020-03-31
2826,20200331,MO,5988927.0,0.01669748186945675,28.485904069293213,0.2337647461723945,266.17455848101,331,2020-03-31
2825,20200331,MN,5303925.0,0.03770792384884779,18.062095523598092,0.22624754309308673,372.9313668651046,331,2020-03-31
2824,20200331,MI,9883640.0,0.7588297428882477,38.14384174251592,2.6204920454407485,362.7610880202031,331,2020-03-31
2818,20200331,KS,2853118.0,0.035049374053228784,17.59478577472085,0.31544436647905905,190.1078048647129,331,2020-03-31
2817,20200331,IN,6483802.0,0.21592269473990724,26.450530105638638,0.7557294315896753,206.25244262548426,331,2020-03-31
2816,20200331,IL,12830632.0,0.20264005701355942,37.24680124876156,0.7715909863208608,274.53830801163963,331,2020-03-31
2814,20200331,IA,3046355.0,0.03282611514416409,26.228066000187106,0.22978280600914863,242.42086033965182,331,2020-03-31
2782,20200401,OH,11536504.0,0.08668137245044079,3.0165117612753396,0.5634289209278651,256.04810608135705,401,2020-04-01
2776,20200401,NE,1826341.0,0.05475428739758895,31.86699526539677,0.2190171495903558,201.76954906011528,401,2020-04-01
2770,20200401,MO,5988927.0,0.066789927477827,24.812458058012727,0.3005546736502215,290.98701653902276,401,2020-04-01
2769,20200401,MN,5303925.0,0.09426980962211946,26.602940275362112,0.3205173527152062,399.5343071404667,401,2020-04-01
2768,20200401,MI,9883640.0,0.7891829326037776,43.21282442500941,3.4096749780445266,405.9739124452125,401,2020-04-01
2762,20200401,KS,2853118.0,0.035049374053228784,16.4381564309643,0.3504937405322879,206.54596129567722,401,2020-04-01
2761,20200401,IN,6483802.0,0.2467687939884654,15.453895723527646,1.0024982255781407,221.7063383490119,401,2020-04-01
2760,20200401,IL,12830632.0,0.32734163056036525,40.20846362049819,1.0989326168812261,314.74677163213784,401,2020-04-01
2758,20200401,IA,3046355.0,0.06565223028832819,15.362621887468796,0.2954350362974768,257.7834822271206,401,2020-04-01
2726,20200402,OH,11536504.0,0.13869019592070525,46.6259102410921,0.7021191168485704,302.6740163224492,402,2020-04-02
2720,20200402,NE,1826341.0,0.05475428739758895,29.512560907300447,0.27377143698794476,231.28210996741575,402,2020-04-02
2714,20200402,MO,5988927.0,0.01669748186945675,37.66951909749443,0.3172521555196782,328.65653563651716,402,2020-04-02
2713,20200402,MN,5303925.0,0.018853961924423894,22.681316195081944,0.33937131463963005,422.2156233355486,402,2020-04-02
2712,20200402,MI,9883640.0,0.8094183924141309,44.11330238657013,4.219093370458657,450.0872148317826,402,2020-04-02
2706,20200402,KS,2853118.0,0.10514812215968634,25.16545057021827,0.4556418626919742,231.71141186589549,402,2020-04-02
2705,20200402,IN,6483802.0,0.20049964511562815,29.45802478237306,1.202997870693769,251.16436313138493,402,2020-04-02
2704,20200402,IL,12830632.0,0.1247015735468058,25.501471790321784,1.223634190428032,340.24824342245967,402,2020-04-02
2702,20200402,IA,3046355.0,0.06565223028832819,26.753283842493733,0.36108726658580503,284.5367660696143,402,2020-04-02
2670,20200403,OH,11536504.0,0.08668137245044079,29.96575045611738,0.7888004892990111,332.6397667785665,403,2020-04-03
2664,20200403,NE,1826341.0,0.05475428739758895,29.676823769493208,0.3285257243855337,260.95893373690893,403,2020-04-03
2658,20200403,MO,5988927.0,0.0,29.838400100719213,0.3172521555196782,358.4949357372364,403,2020-04-03
2657,20200403,MN,5303925.0,0.07541584769769558,34.559312207469,0.41478716233732565,456.7749355430177,403,2020-04-03
2656,20200403,MI,9883640.0,0.6272992541209514,44.89236758926873,4.846392624579608,494.9795824210514,403,2020-04-03
2650,20200403,KS,2853118.0,0.14019749621291513,16.22786018664493,0.5958393589048894,247.93927205254042,403,2020-04-03
2649,20200403,IN,6483802.0,0.3701531909826981,23.905726917632585,1.573151061676467,275.07009004901755,403,2020-04-03
2648,20200403,IL,12830632.0,0.41307396237379423,34.23058193859819,1.6367081528018261,374.47882536105783,403,2020-04-03
2646,20200403,IA,3046355.0,0.0,25.76850038816881,0.36108726658580503,310.30526645778315,403,2020-04-03
2614,20200404,OH,11536504.0,0.09534950969548488,30.3038078086741,0.8841499989944962,362.9435745872406,404,2020-04-04
2608,20200404,NE,1826341.0,0.0,33.56437817472203,0.3285257243855337,294.52331191163097,404,2020-04-04
2602,20200404,MO,5988927.0,0.08348740934728376,57.35585022158393,0.40073956486696194,415.8507859588203,404,2020-04-04
2601,20200404,MN,5303925.0,0.03770792384884779,22.549338461610976,0.45249508618617346,479.3242740046286,404,2020-04-04
2600,20200404,MI,9883640.0,0.6171815242157748,49.35428647745162,5.463574148795383,544.3338688985029,404,2020-04-04
2594,20200404,KS,2853118.0,0.14019749621291513,17.664884522827307,0.7360368551178045,265.6041565753677,404,2020-04-04
2593,20200404,IN,6483802.0,0.21592269473990724,30.306292511708406,1.7890737564163743,305.3763825607259,404,2020-04-04
2592,20200404,IL,12830632.0,0.25719699544028696,43.12336290215478,1.8939051482421132,417.60218826321255,404,2020-04-04
2590,20200404,IA,3046355.0,0.09847834543249227,25.83415261845714,0.45956561201829726,336.1394190762403,404,2020-04-04
2558,20200405,OH,11536504.0,0.14735833316574934,16.33943870690809,1.0315083321602454,379.28301329414876,405,2020-04-05
2552,20200405,NE,1826341.0,0.1095085747951779,29.676823769493208,0.4380342991807116,324.20013568112415,405,2020-04-05
2546,20200405,MO,5988927.0,0.1669748186945675,39.13889750200662,0.5677143835615295,454.989683460827,405,2020-04-05
2545,20200405,MN,5303925.0,0.09426980962211946,25.52826444566995,0.5467648958082929,504.8525384502986,405,2020-04-05
2544,20200405,MI,9883640.0,0.7790652026986009,41.46245715141385,6.242639351493985,585.7963260499168,405,2020-04-05
2538,20200405,KS,2853118.0,0.035049374053228784,22.606846264332564,0.7710862291710333,288.2110028397003,405,2020-04-05
2537,20200405,IN,6483802.0,0.16965354586706996,43.98653752844396,1.958727302283444,349.3629200891699,405,2020-04-05
2536,20200405,IL,12830632.0,0.24160929874693624,42.102368768740305,2.1355144469890495,459.70455703195285,405,2020-04-05
2534,20200405,IA,3046355.0,0.26260892115331275,19.72849520164262,0.7221745331716101,355.8679142778829,405,2020-04-05
2502,20200406,OH,11536504.0,0.19936715663601381,40.064130346593736,1.2308754887962592,419.3471436407425,406,2020-04-06
2496,20200406,NE,1826341.0,0.0,47.41721288631203,0.4380342991807116,371.6173485674362,406,2020-04-06
2490,20200406,MO,5988927.0,0.08348740934728376,43.17968811441516,0.6512017929088132,498.16937157524217,406,2020-04-06
2489,20200406,MN,5303925.0,0.018853961924423894,25.47170255989668,0.5656188577327168,530.3242410101954,406,2020-04-06
2488,20200406,MI,9883640.0,1.1129502895694299,41.19939617387926,7.355589641063414,626.9957222237961,406,2020-04-06
2482,20200406,KS,2853118.0,0.10514812215968634,30.177511059829982,0.8762343513307196,318.38851389953027,406,2020-04-06
2481,20200406,IN,6483802.0,0.18507659549134906,54.58217262032369,2.1438038977747933,403.9450927094936,406,2020-04-06
2480,20200406,IL,12830632.0,0.25719699544028696,30.855845604487758,2.3927114424293365,490.56040263644064,406,2020-04-06
2478,20200406,IA,3046355.0,0.09847834543249227,24.882195279276385,0.8206528786041024,380.75010955715925,406,2020-04-06
2446,20200407,OH,11536504.0,0.216703431126102,21.323617622808435,1.4475789199223612,440.67076126355096,407,2020-04-07
2440,20200407,NE,1826341.0,0.1095085747951779,25.789269364264392,0.5475428739758895,397.40661793170057,407,2020-04-07
2434,20200407,MO,5988927.0,0.2337647461723945,35.63242630942071,0.8849665390812078,533.8017978846628,407,2020-04-07
2433,20200407,MN,5303925.0,0.07541584769769558,21.34268489844785,0.6410347054304124,551.6669259086431,407,2020-04-07
2432,20200407,MI,9883640.0,1.1938921288108428,34.43063486731609,8.549481769874257,661.4263570911122,407,2020-04-07
2426,20200407,KS,2853118.0,0.07009874810645757,15.071230842888378,0.9463330994371772,333.45974474241865,407,2020-04-07
2425,20200407,IN,6483802.0,0.524383687225489,39.683506683270096,2.668187585000282,443.6285993927637,407,2020-04-07
2424,20200407,IL,12830632.0,0.5689509293073014,45.12638192725035,2.961662371736638,535.6867845636909,407,2020-04-07
2422,20200407,IA,3046355.0,0.03282611514416409,36.73242284631962,0.8534789937482664,417.48253240347896,407,2020-04-07
2390,20200408,OH,11536504.0,0.22537156837114605,21.696347524345327,1.6729504882935073,462.3671087878962,408,2020-04-08
2384,20200408,NE,1826341.0,0.1095085747951779,38.492264040505034,0.6570514487710674,435.89888197220563,408,2020-04-08
2378,20200408,MO,5988927.0,0.08348740934728376,35.7493086825069,0.9684539484284914,569.5511065671697,408,2020-04-08
2377,20200408,MN,5303925.0,0.09426980962211946,28.148965153164873,0.7353045150525318,579.8158910618081,408,2020-04-08
2376,20200408,MI,9883640.0,1.1534212091901364,7.750181107365303,9.702902979064394,669.1765381984775,408,2020-04-08
2370,20200408,KS,2853118.0,0.38554311458551666,23.448031241610053,1.3318762140226938,356.9077759840287,408,2020-04-08
2369,20200408,IN,6483802.0,0.4626914887283726,32.465519459107476,3.130879073728655,476.09411885187114,408,2020-04-08
2368,20200408,IL,12830632.0,0.6390955644273797,49.366235427841744,3.6007579361640176,585.0530199915328,408,2020-04-08
2366,20200408,IA,3046355.0,0.03282611514416409,40.96699169991679,0.8863051088924305,458.4495241033957,408,2020-04-08
2334,20200409,OH,11536504.0,0.17336274490088158,22.918554875896547,1.8463132331943888,485.28566366379283,409,2020-04-09
2328,20200409,NE,1826341.0,0.1095085747951779,39.53259550105922,0.7665600235662453,475.43147747326486,409,2020-04-09
2322,20200409,MO,5988927.0,0.3172521555196782,73.20176051569838,1.2857061039481696,642.7528670828681,409,2020-04-09
2321,20200409,MN,5303925.0,0.20739358116866283,29.05395532553722,0.9426980962211947,608.8698463873452,409,2020-04-09
2320,20200409,MI,9883640.0,1.1837743989056664,9.257722863236621,10.88667737797006,678.4342610617141,409,2020-04-09
2314,20200409,KS,2853118.0,0.14019749621291513,20.74922943951144,1.472073710235609,377.6570054235401,409,2020-04-09
2313,20200409,IN,6483802.0,0.6477680842197217,19.494734725088765,3.7786471579483765,495.58885357695993,409,2020-04-09
2312,20200409,IL,12830632.0,0.5143939908805739,45.13417577559702,4.115151927044591,630.1871957671298,409,2020-04-09
2310,20200409,IA,3046355.0,0.06565223028832819,33.05589795017324,0.9519573391807585,491.5054220535689,409,2020-04-09
2278,20200410,OH,11536504.0,0.15602647041079343,22.433139190174078,2.002339703605182,507.71880285396685,410,2020-04-10
2272,20200410,NE,1826341.0,0.05475428739758895,36.740126843782186,0.8213143109638342,512.1716043170471,410,2020-04-10
2266,20200410,MO,5988927.0,0.3172521555196782,37.50254427879985,1.6029582594678478,680.2554113616679,410,2020-04-10
2265,20200410,MN,5303925.0,0.13197773347096725,30.16633907907823,1.074675829692162,639.0361854664234,410,2020-04-10
2264,20200410,MI,9883640.0,2.0741346305612103,50.48747222683141,12.96081200853127,728.9217332885455,410,2020-04-10
2258,20200410,KS,2853118.0,0.28039499242583027,22.396550020013194,1.7524687026614392,400.05355544355336,410,2020-04-10
2257,20200410,IN,6483802.0,0.8482677293353498,44.83480525777931,4.626914887283726,540.4236588347392,410,2020-04-10
2256,20200410,IL,12830632.0,0.5299816875739246,51.984968472324674,4.645133614618516,682.1721642394544,410,2020-04-10
2254,20200410,IA,3046355.0,0.06565223028832819,32.16959284128081,1.0176095694690868,523.6750148948498,410,2020-04-10
2222,20200411,OH,11536504.0,0.13869019592070525,16.452124491093663,2.1410298995258876,524.1709273450605,411,2020-04-11
2216,20200411,NE,1826341.0,0.1095085747951779,34.54995534787863,0.9308228857590122,546.7215596649257,411,2020-04-11
2210,20200411,MO,5988927.0,0.21706726430293774,40.60827590651881,1.8200255237707856,720.8636872681868,411,2020-04-11
2209,20200411,MN,5303925.0,0.13197773347096725,28.46948250588008,1.2066535631631292,667.5056679723035,411,2020-04-11
2208,20200411,MI,9883640.0,1.1230680194746065,40.16738772355124,14.083880028005876,769.0891210120967,411,2020-04-11
2202,20200411,KS,2853118.0,0.17524687026614394,32.56086849544954,1.927715572927583,432.6144239390029,411,2020-04-11
2201,20200411,IN,6483802.0,0.4626914887283726,64.3912321813652,5.0896063760120995,604.8148910161044,411,2020-04-11
2200,20200411,IL,12830632.0,0.6313017160807044,36.02316705833353,5.27643533069922,718.195331297788,411,2020-04-11
2198,20200411,IA,3046355.0,0.09847834543249227,38.70198975496946,1.116087914901579,562.3770046498191,411,2020-04-11
2166,20200412,OH,11536504.0,0.052008823470264476,24.028076443262187,2.193038722996152,548.1990037883227,412,2020-04-12
2160,20200412,NE,1826341.0,0.0,38.6565269026978,0.9308228857590122,585.3780865676235,412,2020-04-12
2154,20200412,MO,5988927.0,0.01669748186945675,33.862493231258284,1.8367230056402424,754.726180499445,412,2020-04-12
2153,20200412,MN,5303925.0,0.11312377154654336,38.02844120156299,1.3197773347096726,705.5341091738665,412,2020-04-12
2152,20200412,MI,9883640.0,0.9611843409917803,34.63298946541963,15.045064368997656,803.7221104775164,412,2020-04-12
2146,20200412,KS,2853118.0,0.035049374053228784,31.89493038843819,1.9627649469808117,464.5093543274411,412,2020-04-12
2145,20200412,IN,6483802.0,0.20049964511562815,50.49506446988973,5.290106021127727,655.3099554859941,412,2020-04-12
2144,20200412,IL,12830632.0,0.3351354789070406,66.91798190455467,5.611570809606261,785.1133132023426,412,2020-04-12
2142,20200412,IA,3046355.0,0.22978280600914863,15.100012966315482,1.3458707209107277,577.4770176161347,412,2020-04-12
2110,20200413,OH,11536504.0,0.18203088214592567,16.20074851098738,2.3750696051420777,564.3997522993101,413,2020-04-13
2104,20200413,NE,1826341.0,0.0,15.385954758722495,0.9308228857590122,600.7640413263459,413,2020-04-13
2098,20200413,MO,5988927.0,0.066789927477827,3.8070258662361387,1.9035129331180694,758.5332063656812,413,2020-04-13
2097,20200413,MN,5303925.0,0.0,18.967085695970436,1.3197773347096726,724.501194869837,413,2020-04-13
2096,20200413,MI,9883640.0,1.163538939095313,32.44755980590147,16.208603308092968,836.1696702834178,413,2020-04-13
2090,20200413,KS,2853118.0,0.2102962443193727,21.415167546522788,2.1730611913001847,485.92452187396384,413,2020-04-13
2089,20200413,IN,6483802.0,0.10796134736995362,31.61725172977213,5.398067368497681,686.9272072157663,413,2020-04-13
2088,20200413,IL,12830632.0,0.5767447776539768,39.2264387288171,6.188315587260237,824.3397519311596,413,2020-04-13
2086,20200413,IA,3046355.0,0.06565223028832819,36.24003111915716,1.411522951199056,613.7170487352919,413,2020-04-13
2054,20200414,OH,11536504.0,0.433406862252204,25.04224850093234,2.8084764673942817,589.4420008002425,414,2020-04-14
2048,20200414,NE,1826341.0,0.05475428739758895,21.080400648071745,0.9855771731566011,621.8444419744177,414,2020-04-14
2042,20200414,MO,5988927.0,0.3172521555196782,42.578578767114706,2.2207650886377475,801.111785132796,414,2020-04-14
2041,20200414,MN,5303925.0,0.16968565731981503,15.347125006481049,1.4894629920294875,739.848319876318,414,2020-04-14
2040,20200414,MI,9883640.0,1.6795431642593215,36.241708520342705,17.88814647235229,872.4113788037606,414,2020-04-14
2034,20200414,KS,2853118.0,0.24534561837260146,9.918972857063746,2.4184068096727858,495.8434947310276,414,2020-04-14
2033,20200414,IN,6483802.0,0.5860758857226054,22.79526734468449,5.984143254220286,709.7224745604508,414,2020-04-14
2032,20200414,IL,12830632.0,0.5767447776539768,37.78457678468216,6.765060364914215,862.1243287158419,414,2020-04-14
2030,20200414,IA,3046355.0,0.19695669086498455,6.204135762247013,1.6084796420640406,619.9211844975389,414,2020-04-14
1998,20200415,OH,11536504.0,0.3207210780666309,30.780555357151528,3.1291975454609124,620.222556157394,415,2020-04-15
1992,20200415,NE,1826341.0,0.1095085747951779,20.36859491190309,1.095085747951779,642.2130368863208,415,2020-04-15
1986,20200415,MO,5988927.0,0.2337647461723945,17.265196253018278,2.4545298348101423,818.3769813858141,415,2020-04-15
1985,20200415,MN,5303925.0,0.15083169539539115,18.872815886348317,1.6402946874248787,758.7211357626663,415,2020-04-15
1984,20200415,MI,9883640.0,1.5480126754920251,35.1186405008681,19.436159147844318,907.5300193046287,415,2020-04-15
1978,20200415,KS,2853118.0,0.24534561837260146,18.260723881732194,2.6637524280453877,514.1042186127598,415,2020-04-15
1977,20200415,IN,6483802.0,0.7403063819653962,36.69143505615995,6.724449636185682,746.4139096166108,415,2020-04-15
1976,20200415,IL,12830632.0,0.623507867734029,49.20256461256157,7.388568232648244,911.3268933284035,415,2020-04-15
1974,20200415,IA,3046355.0,0.13130446057665637,32.30089730185747,1.7397841026406968,652.2220817993963,415,2020-04-15
1942,20200416,OH,11536504.0,0.24270784286123423,28.500835261704932,3.371905388322147,648.7233914190989,416,2020-04-16
1936,20200416,NE,1826341.0,0.05475428739758895,30.936172379637757,1.1498400353493679,673.1492092659586,416,2020-04-16
1930,20200416,MO,5988927.0,0.08348740934728376,27.31708033843124,2.538017244157426,845.6940617242454,416,2020-04-16
1929,20200416,MN,5303925.0,0.13197773347096725,27.017727437699442,1.7722724208958458,785.7388632003658,416,2020-04-16
1928,20200416,MI,9883640.0,1.7402495436903813,46.43026253485558,21.1764086915347,953.9602818394843,416,2020-04-16
1922,20200416,KS,2853118.0,0.14019749621291513,50.96178987339465,2.803949924258303,565.0660084861544,416,2020-04-16
1921,20200416,IN,6483802.0,0.6323450345954426,41.93527192841484,7.356794670781125,788.3491815450255,416,2020-04-16
1920,20200416,IL,12830632.0,0.9664371949877449,44.11318164218255,8.355005427635987,955.4400749705861,416,2020-04-16
1918,20200416,IA,3046355.0,0.22978280600914863,26.457848806196253,1.9695669086498455,678.6799306055926,416,2020-04-16
1886,20200417,OH,11536504.0,0.2513759801062783,26.74987153820603,3.623281368428425,675.4732629573049,417,2020-04-17
1880,20200417,NE,1826341.0,0.16426286219276684,44.35097279204705,1.3141028975421347,717.5001820580055,417,2020-04-17
1874,20200417,MO,5988927.0,0.21706726430293774,17.849608118449265,2.7550845084603637,863.5436698426946,417,2020-04-17
1873,20200417,MN,5303925.0,0.3205173527152062,25.980759531856123,2.0927897736110523,811.7196227322219,417,2020-04-17
1872,20200417,MI,9883640.0,1.3557758072936692,47.28015184689042,22.532184498828368,1001.2404336863746,417,2020-04-17
1866,20200417,KS,2853118.0,0.14019749621291513,27.30346238746522,2.944147420471218,592.3694708736197,417,2020-04-17
1865,20200417,IN,6483802.0,0.6477680842197217,56.60259212110425,8.004562755000848,844.9517736661298,417,2020-04-17
1864,20200417,IL,12830632.0,0.48321859749387247,59.0306073777192,8.838224025129861,1014.4706823483052,417,2020-04-17
1862,20200417,IA,3046355.0,0.13130446057665637,36.666770616031286,2.100871369226502,715.3467012216239,417,2020-04-17
1830,20200418,OH,11536504.0,0.2860485290864546,9.664973028224148,3.90932989751488,685.1382359855291,418,2020-04-18
1824,20200418,NE,1826341.0,0.0,31.374206678818467,1.3141028975421347,748.874388736824,418,2020-04-18
1818,20200418,MO,5988927.0,0.1669748186945675,34.09625797743068,2.922059327154931,897.6399278201253,418,2020-04-18
1817,20200418,MN,5303925.0,0.18853961924423893,22.90756373817503,2.281329392855291,834.6271864703969,418,2020-04-18
1816,20200418,MI,9883640.0,0.8195361223193074,7.770416567175656,23.351720621147674,1009.0108502535503,418,2020-04-18
1810,20200418,KS,2853118.0,0.07009874810645757,27.163264891252307,3.0142461685776754,619.532735764872,418,2020-04-18
1809,20200418,IN,6483802.0,0.4009992902312563,32.203327615494736,8.405562045232102,877.1551012816245,418,2020-04-18
1808,20200418,IL,12830632.0,0.9742310433344202,56.435255878276294,9.812455068464281,1070.9059382265814,418,2020-04-18
1806,20200418,IA,3046355.0,0.3282611514416409,37.91416299150952,2.429132520668143,753.2608642131333,418,2020-04-18
1774,20200419,OH,11536504.0,0.17336274490088158,71.581477369574,4.082692642415761,756.7197133551031,419,2020-04-19
1768,20200419,NE,1826341.0,0.2190171495903558,49.16935008303487,1.5331200471324906,798.043738819859,419,2020-04-19
1762,20200419,MO,5988927.0,0.01669748186945675,2.5046222804185123,2.9387568090243876,900.1445501005438,419,2020-04-19
1761,20200419,MN,5303925.0,0.24510150501751063,27.3005368665658,2.526430897872802,861.9277233369627,419,2020-04-19
1760,20200419,MI,9883640.0,0.8397715821296607,100.5095288780247,24.191492203277335,1109.520379131575,419,2020-04-19
1754,20200419,KS,2853118.0,0.2102962443193727,15.912415820165869,3.2245424128970486,635.4451515850378,419,2020-04-19
1753,20200419,IN,6483802.0,0.2621918436127445,65.84099884604743,8.667753888844848,942.9961001276721,419,2020-04-19
1752,20200419,IL,12830632.0,0.24160929874693624,46.0928191222381,10.054064367211218,1116.9987573488195,419,2020-04-19
1750,20200419,IA,3046355.0,0.03282611514416409,52.62026257609504,2.461958635812307,805.8811267892283,419,2020-04-19
1718,20200420,OH,11536504.0,0.32938921531167503,30.68520584745604,4.412081857727436,787.4049192025591,420,2020-04-20
1712,20200420,NE,1826341.0,0.0,60.503487574335786,1.5331200471324906,858.5472263941947,420,2020-04-20
1706,20200420,MO,5988927.0,0.01669748186945675,35.131501853337,2.9554542908938446,935.2760519538809,420,2020-04-20
1705,20200420,MN,5303925.0,0.16968565731981503,21.380392822296695,2.6961165551926167,883.3081161592595,420,2020-04-20
1704,20200420,MI,9883640.0,0.7790652026986009,41.85704861771574,24.97055740597594,1151.3774277492907,420,2020-04-20
1698,20200420,KS,2853118.0,0.28039499242583027,22.116155027587364,3.5049374053228783,657.5613066126252,420,2020-04-20
1697,20200420,IN,6483802.0,0.10796134736995362,53.93440453610397,8.7757152362148,996.9305046637759,420,2020-04-20
1696,20200420,IL,12830632.0,0.45983705245384643,39.28099566724382,10.513901419665064,1156.2797530160633,420,2020-04-20
1694,20200420,IA,3046355.0,0.13130446057665637,41.68916623308839,2.5932630963889634,847.5702930223167,420,2020-04-20
1662,20200421,OH,11536504.0,0.4160705877621158,33.589031824545806,4.828152445489552,820.9939510271049,421,2020-04-21
1656,20200421,NE,1826341.0,0.27377143698794476,37.889966879131556,1.8068914841204355,896.4371932733262,421,2020-04-21
1650,20200421,MO,5988927.0,0.20036978243348097,18.484112429488622,3.155824073327325,953.7601643833694,421,2020-04-21
1649,20200421,MN,5303925.0,0.3205173527152062,15.969305749987038,3.016633907907823,899.2774219092465,421,2020-04-21
1648,20200421,MI,9883640.0,2.3473133380009794,34.683578114945504,27.317870743976915,1186.0610058642362,421,2020-04-21
1642,20200421,KS,2853118.0,0.24534561837260146,11.916787178097787,3.7502830236954794,669.478093790723,421,2020-04-21
1641,20200421,IN,6483802.0,0.9408060270810245,40.485505263732605,9.716521263295826,1037.4160099275084,421,2020-04-21
1640,20200421,IL,12830632.0,0.9274679532543681,51.74335917357773,11.441369372919432,1208.023112189641,421,2020-04-21
1638,20200421,IA,3046355.0,0.13130446057665637,58.92287668377455,2.72456755696562,906.4931697060914,421,2020-04-21
1606,20200422,OH,11536504.0,0.45941127398733617,32.86957643320715,5.287563719476888,853.8635274603121,422,2020-04-22
1600,20200422,NE,1826341.0,0.27377143698794476,16.809566231059808,2.08066292110838,913.2467595043861,422,2020-04-22
1594,20200422,MO,5988927.0,0.3172521555196782,17.298591216757192,3.473076228847004,971.0587556001267,422,2020-04-22
1593,20200422,MN,5303925.0,0.358225276564054,31.052475289526157,3.374859184471877,930.3298971987726,422,2020-04-22
1592,20200422,MI,9883640.0,1.14330347928496,10.10761217527146,28.46117422326187,1196.1686180395077,422,2020-04-22
1586,20200422,KS,2853118.0,0.10514812215968634,38.62441020665812,3.855431145855166,708.1025039973811,422,2020-04-22
1585,20200422,IN,6483802.0,0.4781145383526517,34.02324747115967,10.194635801648477,1071.4392573986684,422,2020-04-22
1584,20200422,IL,12830632.0,0.7560032896275102,72.86468819306796,12.197372662546941,1280.887800382709,422,2020-04-22
1582,20200422,IA,3046355.0,0.22978280600914863,20.647626425679213,2.9543503629747683,927.1407961317707,422,2020-04-22
1550,20200423,OH,11536504.0,0.39873431327202763,37.88842789808767,5.686298032748916,891.7519553583996,423,2020-04-23
1544,20200423,NE,1826341.0,0.38328001178312265,37.28766971775808,2.463942932891503,950.5344292221442,423,2020-04-23
1538,20200423,MO,5988927.0,0.1669748186945675,21.606541539077032,3.6400510475415713,992.6652971392037,423,2020-04-23
1537,20200423,MN,5303925.0,0.39593320041290175,41.55413208143026,3.770792384884779,971.8840292802029,423,2020-04-23
1536,20200423,MI,9883640.0,1.6593077044489684,102.14860112266332,30.120481927710845,1298.317219162171,423,2020-04-23
1530,20200423,KS,2853118.0,0.07009874810645757,39.08005206935009,3.9255298939616234,747.1825560667312,423,2020-04-23
1529,20200423,IN,6483802.0,0.694037233092559,39.63723753439726,10.888673034741036,1111.0764949330655,423,2020-04-23
1528,20200423,IL,12830632.0,0.9586433466410695,69.910819669678,13.156016009188011,1350.7986200523872,423,2020-04-23
1526,20200423,IA,3046355.0,0.19695669086498455,33.416985216759045,3.1513070538397527,960.5577813485297,423,2020-04-23
1494,20200424,OH,11536504.0,0.2947166663314987,41.78042152111246,5.981014699080415,933.5323768795123,424,2020-04-24
1488,20200424,NE,1826341.0,0.1095085747951779,68.55236782178137,2.5734515076866806,1019.0867970439256,424,2020-04-24
1482,20200424,MO,5988927.0,0.7346892022560969,96.1274031224625,4.374740249797668,1088.7927002616661,424,2020-04-24
1481,20200424,MN,5303925.0,0.39593320041290175,42.2140207487851,4.16672558529768,1014.0980500289879,424,2020-04-24
1480,20200424,MI,9883640.0,1.0927148297590765,80.68889599378366,31.21319675746992,1379.0061151559548,424,2020-04-24
1474,20200424,KS,2853118.0,-0.035049374053228784,79.56207910082934,3.8904805199083947,826.7446351675604,424,2020-04-24
1473,20200424,IN,6483802.0,0.5398067368497681,54.181173330092435,11.428479771590803,1165.257668263158,424,2020-04-24
1472,20200424,IL,12830632.0,0.8339417730942639,127.16442962435522,13.989957782282277,1477.9630496767425,424,2020-04-24
1470,20200424,IA,3046355.0,0.36108726658580503,88.99159815582885,3.512394320425558,1049.5493795043585,424,2020-04-24
1438,20200425,OH,11536504.0,0.18203088214592567,37.15163623225892,6.16304558122634,970.6840131117712,425,2020-04-25
1432,20200425,NE,1826341.0,0.16426286219276684,74.52058514811856,2.7377143698794475,1093.607382192044,425,2020-04-25
1426,20200425,MO,5988927.0,0.18367230056402423,33.57863603947752,4.558412550361693,1122.3713363011439,425,2020-04-25
1425,20200425,MN,5303925.0,0.4336411242617496,52.979633007631136,4.60036670955943,1067.077683036619,425,2020-04-25
1424,20200425,MI,9883640.0,1.9122509520783841,78.39217130530857,33.125447709548304,1457.3982864612633,425,2020-04-25
1418,20200425,KS,2853118.0,0.2102962443193727,56.46454159975158,4.100776764227767,883.2091767673121,425,2020-04-25
1417,20200425,IN,6483802.0,0.6786141834682798,65.10069246408203,12.107093955059085,1230.3583607272399,425,2020-04-25
1416,20200425,IL,12830632.0,0.6157140193873536,93.40927243490422,14.60567180166963,1571.3723221116463,425,2020-04-25
1414,20200425,IA,3046355.0,0.16413057572082046,78.02767569767803,3.676524896146378,1127.5770552020367,425,2020-04-25
1382,20200426,OH,11536504.0,0.14735833316574934,38.165808289929075,6.310403914392089,1008.8498214017002,426,2020-04-26
1376,20200426,NE,1826341.0,0.16426286219276684,68.71663068397413,2.9019772320722144,1162.3240128760183,426,2020-04-26
1370,20200426,MO,5988927.0,0.01669748186945675,42.244629129725574,4.575110032231149,1164.6159654308694,426,2020-04-26
1369,20200426,MN,5303925.0,0.527910933883869,45.06096899937311,5.128277643443299,1112.1386520359922,426,2020-04-26
1368,20200426,MI,9883640.0,0.4148269261122421,70.43963559983973,33.540274635660545,1527.837922061103,426,2020-04-26
1362,20200426,KS,2853118.0,0.035049374053228784,36.030756526719195,4.135826138280997,919.2399332940313,426,2020-04-26
1361,20200426,IN,6483802.0,0.4318453894798145,29.828177973355757,12.538939344538898,1260.1865387005957,426,2020-04-26
1360,20200426,IL,12830632.0,0.45983705245384643,103.93096770291595,15.065508854123475,1675.3032898145625,426,2020-04-26
1358,20200426,IA,3046355.0,0.19695669086498455,57.11744035084552,3.8734815870113626,1184.694495552882,426,2020-04-26
1326,20200427,OH,11536504.0,0.216703431126102,26.04775242135746,6.527107345518191,1034.8975738230577,427,2020-04-27
1320,20200427,NE,1826341.0,0.16426286219276684,62.14611619626346,3.0662400942649812,1224.4701290722817,427,2020-04-27
1314,20200427,MO,5988927.0,0.2337647461723945,22.675180378722263,4.808874778403544,1187.2911458095916,427,2020-04-27
1313,20200427,MN,5303925.0,0.2639554669419345,43.005887149610906,5.3922331103852335,1155.144539185603,427,2020-04-27
1312,20200427,MI,9883640.0,0.9308311512762505,68.335147779563,34.471105786936796,1596.173069840666,427,2020-04-27
1306,20200427,KS,2853118.0,0.07009874810645757,32.94641161003506,4.205924886387454,952.1863449040665,427,2020-04-27
1305,20200427,IN,6483802.0,0.4781145383526517,42.69100136000451,13.017053882891549,1302.8775400606003,427,2020-04-27
1304,20200427,IL,12830632.0,0.3896924173337681,98.7948216424569,15.455201271457245,1774.0981114570193,427,2020-04-27
1302,20200427,IA,3046355.0,0.2954350362974768,67.62179719697802,4.1689166233088395,1252.3162927498602,427,2020-04-27
1270,20200428,OH,11536504.0,0.39873431327202763,28.734874967321126,6.925841658790219,1063.6324487903787,428,2020-04-28
1264,20200428,NE,1826341.0,-0.05475428739758895,68.00482494780547,3.011485806867392,1292.4749540200871,428,2020-04-28
1258,20200428,MO,5988927.0,0.4341345286058755,40.023864041087826,5.2430093070094195,1227.3150098506794,428,2020-04-28
1257,20200428,MN,5303925.0,0.2828094288663584,48.28499648844959,5.675042539251592,1203.4295356740527,428,2020-04-28
1256,20200428,MI,9883640.0,1.6188367848282619,71.27940718196939,36.08994257176506,1667.4524770226355,428,2020-04-28
1250,20200428,KS,2853118.0,0.14019749621291513,32.35057225113017,4.346122382600369,984.5369171551965,428,2020-04-28
1249,20200428,IN,6483802.0,0.879113828583908,41.71934923367493,13.89616771147546,1344.5968892942751,428,2020-04-28
1248,20200428,IL,12830632.0,1.1067264652279014,113.48622577593994,16.561927736685146,1887.5843372329593,428,2020-04-28
1246,20200428,IA,3046355.0,0.2954350362974768,54.91809063618653,4.464351659606316,1307.2343833860466,428,2020-04-28
1214,20200429,OH,11536504.0,1.196202939816083,53.75978719376337,8.122044598606301,1117.3922359841422,429,2020-04-29
1208,20200429,NE,1826341.0,0.0,1.4236114723373128,3.011485806867392,1293.8985654924245,429,2020-04-29
1202,20200429,MO,5988927.0,0.066789927477827,61.045993714733875,5.3097992344872464,1288.3610035654133,429,2020-04-29
1201,20200429,MN,5303925.0,0.33937131463963005,54.95929900969565,6.014413853891222,1258.3888346837484,429,2020-04-29
1200,20200429,MI,9883640.0,1.0421261802331936,76.35850759436808,37.132068751998254,1743.8109846170034,429,2020-04-29
1194,20200429,KS,2853118.0,0.035049374053228784,47.94754370481698,4.381171756653598,1032.4844608600135,429,2020-04-29
1193,20200429,IN,6483802.0,2.5293801383817702,67.38330380847533,16.425547849857228,1411.9801931027505,429,2020-04-29
1192,20200429,IL,12830632.0,0.7014463512007826,112.8393363631659,17.26337408788593,2000.4236735961251,429,2020-04-29
1190,20200429,IA,3046355.0,0.3939133817299691,49.698738328264426,4.858265041336286,1356.933121714311,429,2020-04-29
1158,20200430,OH,11536504.0,0.32938921531167503,43.1846597548096,8.451433813917976,1160.5768957389516,430,2020-04-30
1152,20200430,NE,1826341.0,0.7118057361686564,92.53474570192533,3.7232915430360487,1386.4333111943497,430,2020-04-30
1146,20200430,MO,5988927.0,0.18367230056402423,58.90871603544341,5.49347153505127,1347.2697196008567,430,2020-04-30
1145,20200430,MN,5303925.0,0.45249508618617346,66.5921935170652,6.4669089400773965,1324.9810282008136,430,2020-04-30
1144,20200430,MI,9883640.0,1.2040098587160195,80.08183219947307,38.336078610714274,1823.8928168164764,430,2020-04-30
1138,20200430,KS,2853118.0,0.14019749621291513,75.9870429474,4.5213692528665135,1108.4715038074135,430,2020-04-30
1137,20200430,IN,6483802.0,0.7557294315896753,53.1786751045143,17.181277281446906,1465.158868207265,430,2020-04-30
1136,20200430,IL,12830632.0,1.0911387685345508,102.87879817611478,18.35451285642048,2103.30247177224,430,2020-04-30
1134,20200430,IA,3046355.0,0.45956561201829726,43.65873314173824,5.317830653354583,1400.5918548560494,430,2020-04-30
1102,20200501,OH,11536504.0,0.23403970561619014,57.34839601321163,8.685473519534169,1217.9252917521633,501,2020-05-01
1096,20200501,NE,1826341.0,0.1095085747951779,113.01284918862359,3.8328001178312268,1499.4461603829734,501,2020-05-01
1090,20200501,MO,5988927.0,0.133579854955654,29.020223489115832,5.627051390006924,1376.2899430899727,501,2020-05-01
1089,20200501,MN,5303925.0,0.527910933883869,85.842088641902,6.994819873961265,1410.8231168427155,501,2020-05-01
1088,20200501,MI,9883640.0,0.7790652026986009,103.5853187691984,39.11514381341287,1927.4781355856749,501,2020-05-01
1082,20200501,KS,2853118.0,0.035049374053228784,49.34951866694613,4.556418626919742,1157.8210224743596,501,2020-05-01
1081,20200501,IN,6483802.0,0.9408060270810245,71.57837330627925,18.12208330852793,1536.737241513544,501,2020-05-01
1080,20200501,IL,12830632.0,0.794972531360887,115.51262634607554,19.149485387781365,2218.8150981183157,501,2020-05-01
1078,20200501,IA,3046355.0,0.26260892115331275,96.01638679667997,5.580439574507896,1496.6082416527292,501,2020-05-01
1046,20200502,OH,11536504.0,0.16469460765583752,46.05381318291919,8.850168127190004,1263.9791049350827,502,2020-05-02
1040,20200502,NE,1826341.0,0.16426286219276684,107.48266616146711,3.997062980023993,1606.9288265444404,502,2020-05-02
1034,20200502,MO,5988927.0,0.2337647461723945,5.326496716356703,5.860816136179319,1381.6164398063293,502,2020-05-02
1033,20200502,MN,5303925.0,0.45249508618617346,78.77185292024303,7.4473149601474375,1489.5949697629587,502,2020-05-02
1032,20200502,MI,9883640.0,1.5581304053972018,113.35904585759901,40.67327421881007,2040.8371814432737,502,2020-05-02
1026,20200502,KS,2853118.0,0.035049374053228784,66.87420569356051,4.591468000972971,1224.69522816792,502,2020-05-02
1025,20200502,IN,6483802.0,0.8328446797110708,69.43456940850444,18.954927988239,1606.1718109220485,502,2020-05-02
1024,20200502,IL,12830632.0,0.794972531360887,118.52884565623891,19.944457919142252,2337.343943774554,502,2020-05-02
1022,20200502,IA,3046355.0,0.16413057572082046,24.849369164132213,5.744570150228716,1521.4576108168615,502,2020-05-02
990,20200503,OH,11536504.0,0.14735833316574934,37.68039260420661,8.997526460355754,1301.6594975392893,503,2020-05-03
984,20200503,NE,1826341.0,0.16426286219276684,104.79970607898525,4.16132584221676,1711.7285326234257,503,2020-05-03
978,20200503,MO,5988927.0,0.01669748186945675,3.8738157937139657,5.877513618048775,1385.4902556000432,503,2020-05-03
977,20200503,MN,5303925.0,0.45249508618617346,68.34561197603662,7.899810046333611,1557.9405817389952,503,2020-05-03
976,20200503,MI,9883640.0,0.2934141672501224,109.50419076372671,40.96668838606019,2150.341372207001,503,2020-05-03
970,20200503,KS,2853118.0,0.10514812215968634,64.35065076172805,4.6966161231326575,1289.0458789296483,503,2020-05-03
969,20200503,IN,6483802.0,0.2621918436127445,72.76594812734874,19.217119831851743,1678.937759049397,503,2020-05-03
968,20200503,IL,12830632.0,0.45983705245384643,151.3331533473955,20.404294971596098,2488.67709712195,503,2020-05-03
966,20200503,IA,3046355.0,0.2954350362974768,224.4321492406499,6.040005186526193,1745.8897600575115,503,2020-05-03
934,20200504,OH,11536504.0,0.15602647041079343,43.24533671552491,9.153552930766548,1344.904834254814,504,2020-05-04
928,20200504,NE,1826341.0,0.1095085747951779,136.44768419479166,4.2708344170119386,1848.1762168182174,504,2020-05-04
922,20200504,MO,5988927.0,0.10018489121674048,141.51115884364594,5.977698509265516,1527.001414443689,504,2020-05-04
921,20200504,MN,5303925.0,0.16968565731981503,62.387760007918665,8.069495703653425,1620.3283417469138,504,2020-05-04
920,20200504,MI,9883640.0,0.0,99.73046367532609,40.96668838606019,2250.071835882327,504,2020-05-04
914,20200504,KS,2853118.0,0.07009874810645757,63.96510764714253,4.766714871239115,1353.0109865767906,504,2020-05-04
913,20200504,IN,6483802.0,0.2776148932370236,68.4474942325506,19.494734725088765,1747.3852532819478,504,2020-05-04
912,20200504,IL,12830632.0,0.34292932725371594,107.82009802790697,20.747224298849815,2596.497195149857,504,2020-05-04
910,20200504,IA,3046355.0,0.13130446057665637,130.48380769805226,6.1713096471028495,1876.3735677555637,504,2020-05-04
878,20200505,OH,11536504.0,0.6847828423584822,48.36820582734596,9.83833577312503,1393.2730400821602,505,2020-05-05
872,20200505,NE,1826341.0,0.0,46.81491572493855,4.2708344170119386,1894.991132543156,505,2020-05-05
866,20200505,MO,5988927.0,0.3172521555196782,60.36139695808615,6.294950664785194,1587.3628114017754,505,2020-05-05
865,20200505,MN,5303925.0,0.5090569719594451,38.98999325970861,8.57855267561287,1659.3183350066224,505,2020-05-05
864,20200505,MI,9883640.0,1.3153048876729627,4.522625267613956,42.28199327373316,2254.594461149941,505,2020-05-05
858,20200505,KS,2853118.0,0.035049374053228784,52.18851796525766,4.801764245292343,1405.1995045420485,505,2020-05-05
857,20200505,IN,6483802.0,0.9562290767053034,39.128276896796045,20.45096380179407,1786.5135301787438,505,2020-05-05
856,20200505,IL,12830632.0,1.3717173090148638,102.40337342696758,22.11894160786468,2698.9005685768243,505,2020-05-05
854,20200505,IA,3046355.0,0.6236961877391177,111.87140041131123,6.795005834841967,1988.244968166875,505,2020-05-05
822,20200506,OH,11536504.0,0.7801323520539671,71.0267165858912,10.618468125178996,1464.2997566680513,506,2020-05-06
816,20200506,NE,1826341.0,0.2190171495903558,83.17176255693762,4.489851566602294,1978.1628951000937,506,2020-05-06
810,20200506,MO,5988927.0,0.3172521555196782,94.8583945003838,6.612202820304873,1682.221205902159,506,2020-05-06
809,20200506,MN,5303925.0,0.5656188577327168,98.474243131266,9.144171533345588,1757.7925781378883,506,2020-05-06
808,20200506,MI,9883640.0,0.7183588232675411,105.17380236431113,43.0003520970007,2359.768263514252,506,2020-05-06
802,20200506,KS,2853118.0,0.24534561837260146,70.8698343356286,5.047109863664945,1476.069338877677,506,2020-05-06
801,20200506,IN,6483802.0,0.7865755308382335,71.9022573483891,21.237539332632302,1858.4157875271333,506,2020-05-06
800,20200506,IL,12830632.0,1.0599633751478492,116.70508514311689,23.17890498301253,2815.6056537199415,506,2020-05-06
798,20200506,IA,3046355.0,0.3939133817299691,85.41355160511496,7.188919216571936,2073.6585197719896,506,2020-05-06
766,20200507,OH,11536504.0,0.39873431327202763,61.80381855716428,11.017202438451024,1526.1035752252155,507,2020-05-07
760,20200507,NE,1826341.0,0.2190171495903558,89.24948845806999,4.70886871619265,2067.4123835581636,507,2020-05-07
754,20200507,MO,5988927.0,0.36734460112804845,48.005260374688156,6.979547421432922,1730.2264662768473,507,2020-05-07
753,20200507,MN,5303925.0,0.4336411242617496,78.9792465014117,9.577812657607339,1836.7718246393001,507,2020-05-07
752,20200507,MI,9883640.0,0.940948881181427,139.93832231849805,43.94130097818213,2499.7065858327496,507,2020-05-07
746,20200507,KS,2853118.0,0.10514812215968634,94.91370493614355,5.152257985824631,1570.9830438138204,507,2020-05-07
745,20200507,IN,6483802.0,0.5706528360983263,66.10319068966017,21.80819216873063,1924.5189782167931,507,2020-05-07
744,20200507,IL,12830632.0,1.0677572234945247,138.59800514892797,24.246662206507054,2954.2036588688698,507,2020-05-07
742,20200507,IA,3046355.0,0.3939133817299691,106.88183090939829,7.582832598301906,2180.540350681388,507,2020-05-07
710,20200508,OH,11536504.0,0.30338480357654274,71.57280923232896,11.320587242027567,1597.6763844575446,508,2020-05-08
704,20200508,NE,1826341.0,0.2190171495903558,145.3178787532011,4.927885865783006,2212.7302623113646,508,2020-05-08
698,20200508,MO,5988927.0,0.5176219379531593,85.14046005235997,7.497169359386081,1815.3669263292072,508,2020-05-08
697,20200508,MN,5303925.0,0.49020301003502126,72.56889944710757,10.068015667642358,1909.3407240864078,508,2020-05-08
696,20200508,MI,9883640.0,0.5058864952588318,133.462975179185,44.447187473440955,2633.169561011935,508,2020-05-08
690,20200508,KS,2853118.0,0.17524687026614394,101.15249351761828,5.327504856090775,1672.1355373314386,508,2020-05-08
689,20200508,IN,6483802.0,0.5089606376012099,82.451623291396,22.31715280633184,2006.970601508189,508,2020-05-08
688,20200508,IL,12830632.0,1.0132002850677972,161.10663917412643,25.259862491574854,3115.310298042996,508,2020-05-08
686,20200508,IA,3046355.0,0.3939133817299691,125.85532546272513,7.9767459800318745,2306.395676144113,508,2020-05-08
654,20200509,OH,11536504.0,0.216703431126102,107.08616752527456,11.537290673153668,1704.762551982819,509,2020-05-09
648,20200509,NE,1826341.0,0.1095085747951779,140.38999288741806,5.037394440578184,2353.1202551987826,509,2020-05-09
642,20200509,MO,5988927.0,0.38404208299750525,2.9554542908938446,7.881211442383586,1818.322380620101,509,2020-05-09
641,20200509,MN,5303925.0,0.45249508618617346,94.1378318886485,10.520510753828534,2003.4785559750562,509,2020-05-09
640,20200509,MI,9883640.0,1.3456580773884925,133.8879198352024,45.792845550829455,2767.0574808471374,509,2020-05-09
634,20200509,KS,2853118.0,0.17524687026614394,77.98485726843404,5.5027517263569194,1750.1203945998727,509,2020-05-09
633,20200509,IN,6483802.0,0.6631911338440007,85.72130981174317,22.980343940175842,2092.6919113199324,509,2020-05-09
632,20200509,IL,12830632.0,0.8417356214409392,129.5103779767045,26.101598113015786,3244.8206760197004,509,2020-05-09
630,20200509,IA,3046355.0,0.2954350362974768,39.883729900159366,8.27218101632935,2346.2794060442725,509,2020-05-09
598,20200510,OH,11536504.0,0.08668137245044079,71.00938031140109,11.623972045604111,1775.7719322942203,510,2020-05-10
592,20200510,NE,1826341.0,0.2190171495903558,141.97786722194815,5.256411590168539,2495.0981224207308,510,2020-05-10
586,20200510,MO,5988927.0,0.1669748186945675,111.00485946814845,8.048186261078152,1929.3272400882495,510,2020-05-10
585,20200510,MN,5303925.0,0.37707923848847785,90.97036628534529,10.89758999231701,2094.4489222604016,510,2020-05-10
584,20200510,MI,9883640.0,0.2529432476294159,123.35536300391352,46.04578879845887,2890.4128438510506,510,2020-05-10
578,20200510,KS,2853118.0,0.0,90.14699006490443,5.5027517263569194,1840.2673846647774,510,2020-05-10
577,20200510,IN,6483802.0,0.2776148932370236,66.98230451824408,23.257958833412864,2159.6742158381767,510,2020-05-10
576,20200510,IL,12830632.0,0.4442493557604956,106.40941147715873,26.545847468776284,3351.230087496859,510,2020-05-10
574,20200510,IA,3046355.0,0.4267394968741332,88.56485865895472,8.698920513203484,2434.8442647032275,510,2020-05-10
542,20200511,OH,11536504.0,0.13869019592070525,49.131001904909844,11.762662241524815,1824.90293419913,511,2020-05-11
536,20200511,NE,1826341.0,0.1095085747951779,36.6853725563846,5.365920164963717,2531.7834949771154,511,2020-05-11
530,20200511,MO,5988927.0,0.10018489121674048,1.2356136583397994,8.148371152294894,1930.5628537465893,511,2020-05-11
529,20200511,MN,5303925.0,0.24510150501751063,88.48164331132133,11.142691497334521,2182.9305655717226,511,2020-05-11
528,20200511,MI,9883640.0,0.33388508687082896,134.26227584169393,46.379673885329694,3024.675119692745,511,2020-05-11
522,20200511,KS,2853118.0,0.035049374053228784,56.219195981378974,5.537801100410148,1896.4865806461562,511,2020-05-11
521,20200511,IN,6483802.0,0.4935375879769308,102.70208744807445,23.751496421389795,2262.3763032862507,511,2020-05-11
520,20200511,IL,12830632.0,0.41307396237379423,96.96326728098818,26.958921431150078,3448.1933547778476,511,2020-05-11
518,20200511,IA,3046355.0,0.19695669086498455,118.76488459158568,8.89587720406847,2553.609149294813,511,2020-05-11
486,20200512,OH,11536504.0,0.6847828423584822,62.41925630156241,12.447445083883297,1887.3221905006922,512,2020-05-12
480,20200512,NE,1826341.0,0.1095085747951779,93.30130572549156,5.475428739758895,2625.084800702607,512,2020-05-12
474,20200512,MO,5988927.0,0.601109347300443,94.77490709103651,8.749480499595336,2025.3377608376259,512,2020-05-12
473,20200512,MN,5303925.0,0.4336411242617496,95.26906960411392,11.576332621596272,2278.1996351758366,512,2020-05-12
472,20200512,MI,9883640.0,0.9105956914658973,90.47274081208947,47.290269576795595,3115.147860504834,512,2020-05-12
466,20200512,KS,2853118.0,0.0,0.0,5.537801100410148,1896.4865806461562,512,2020-05-12
465,20200512,IN,6483802.0,0.5860758857226054,58.946895663994674,24.337572307112403,2321.3231989502456,512,2020-05-12
464,20200512,IL,12830632.0,1.1067264652279014,228.09476571380117,28.065647896377982,3676.2881204916484,512,2020-05-12
462,20200512,IA,3046355.0,0.5908700725949536,114.76009854399767,9.486747276663422,2668.3692478388107,512,2020-05-12
430,20200513,OH,11536504.0,0.40740245051707175,70.41127884149306,12.854847534400369,1957.7334693421853,513,2020-05-13
424,20200513,NE,1826341.0,0.16426286219276684,97.5721401425035,5.639691601951662,2722.6569408451105,513,2020-05-13
418,20200513,MO,5988927.0,0.3005546736502215,47.521033400473904,9.050035173245558,2072.8587942380996,513,2020-05-13
417,20200513,MN,5303925.0,0.45249508618617346,22.643608271233095,12.028827707782444,2300.8432434470697,513,2020-05-13
416,20200513,MI,9883640.0,0.40470919620706547,3.7435600649153553,47.69497877300266,3118.8914205697497,513,2020-05-13
410,20200513,KS,2853118.0,0.2102962443193727,123.3387472933121,5.74809734472952,2019.8253279394685,513,2020-05-13
409,20200513,IN,6483802.0,0.6323450345954426,55.106556307549184,24.96991734170784,2376.429755257795,513,2020-05-13
408,20200513,IL,12830632.0,1.4886250342149943,137.7017125890603,29.554272930592976,3813.9898330807086,513,2020-05-13
406,20200513,IA,3046355.0,0.5580439574507895,145.45251620379108,10.044791234114212,2813.821764042602,513,2020-05-13
374,20200514,OH,11536504.0,0.4420749994972481,64.9936930633405,13.296922533897616,2022.727162405526,514,2020-05-14
368,20200514,NE,1826341.0,0.2190171495903558,197.99150322968163,5.858708751542018,2920.648444074792,514,2020-05-14
362,20200514,MO,5988927.0,0.333949637389135,49.55812618854763,9.383984810634693,2122.4169204266473,514,2020-05-14
361,20200514,MN,5303925.0,0.47134904811059736,126.6420622463553,12.500176755893042,2427.4853056934253,514,2020-05-14
360,20200514,MI,9883640.0,0.7385942830778944,279.4820531706942,48.433573056080554,3398.373473740444,514,2020-05-14
354,20200514,KS,2853118.0,0.0,0.0,5.74809734472952,2019.8253279394685,514,2020-05-14
353,20200514,IN,6483802.0,0.4164223398555354,94.94429348706207,25.38633968156338,2471.3740487448567,514,2020-05-14
352,20200514,IL,12830632.0,1.0599633751478492,176.74889280590386,30.61423630574082,3990.7387258866124,514,2020-05-14
350,20200514,IA,3046355.0,0.3939133817299691,117.35336164038664,10.43870461584418,2931.1751256829884,514,2020-05-14
318,20200515,OH,11536504.0,0.40740245051707175,111.21220085391553,13.704324984414688,2133.9393632594415,515,2020-05-15
312,20200515,NE,1826341.0,0.3285257243855337,212.1181093782596,6.187234475927551,3132.7665534530515,515,2020-05-15
306,20200515,MO,5988927.0,0.2337647461723945,122.6930967767682,9.617749556807087,2245.1100172034157,515,2020-05-15
305,20200515,MN,5303925.0,0.5467648958082929,111.55889270681618,13.046941651701335,2539.0441984002414,515,2020-05-15
304,20200515,MI,9883640.0,0.3844737363967122,218.6744964405826,48.81804679247727,3617.047970181026,515,2020-05-15
298,20200515,KS,2853118.0,0.28039499242583027,138.9357187469989,6.028492337155351,2158.761046686467,515,2020-05-15
297,20200515,IN,6483802.0,0.694037233092559,80.33866549286977,26.080376914655936,2551.7127142377267,515,2020-05-15
296,20200515,IL,12830632.0,1.0132002850677972,207.04358132943102,31.627436590808625,4197.782307216044,515,2020-05-15
294,20200515,IA,3046355.0,0.5908700725949536,140.23316389586898,11.029574688439133,3071.4082895788574,515,2020-05-15
262,20200516,OH,11536504.0,0.2513759801062783,4.507431367422921,13.955700964520968,2138.4467946268646,516,2020-05-16
256,20200516,NE,1826341.0,0.3285257243855337,151.28609607953828,6.515760200313085,3284.05264953259,516,2020-05-16
250,20200516,MO,5988927.0,0.21706726430293774,81.51710648668785,9.834816821110026,2326.6271236901034,516,2020-05-16
249,20200516,MN,5303925.0,0.3205173527152062,162.37032009313856,13.36745900441654,2701.41451849338,516,2020-05-16
248,20200516,MI,9883640.0,0.5564751447847149,4.30003520970007,49.374521937261974,3621.3480053907265,516,2020-05-16
242,20200516,KS,2853118.0,0.0,0.0,6.028492337155351,2158.761046686467,516,2020-05-16
241,20200516,IN,6483802.0,0.7711524812139545,91.15022327948941,26.851529395869896,2642.862937517216,516,2020-05-16
240,20200516,IL,12830632.0,0.5533632326139507,179.62482284582708,32.18079982342257,4377.407130061871,516,2020-05-16
238,20200516,IA,3046355.0,0.3282611514416409,89.74659880414463,11.357835839880776,3161.154888383002,516,2020-05-16
206,20200517,OH,11536504.0,0.1300220586756612,153.94611747198283,14.085723023196628,2292.3929120988473,517,2020-05-17
200,20200517,NE,1826341.0,0.2190171495903558,310.0187752451486,6.734777349903442,3594.0714247777387,517,2020-05-17
194,20200517,MO,5988927.0,0.08348740934728376,115.46308712729342,9.91830423045731,2442.090210817397,517,2020-05-17
193,20200517,MN,5303925.0,0.41478716233732565,137.70933789599212,13.782246166753865,2839.123856389372,517,2020-05-17
192,20200517,MI,9883640.0,0.11129502895694299,394.9658223083803,49.48581696621893,4016.313827699107,517,2020-05-17
186,20200517,KS,2853118.0,0.0,0.0,6.028492337155351,2158.761046686467,517,2020-05-17
185,20200517,IN,6483802.0,0.1542304962427909,90.76464703888244,27.005759892112682,2733.627584556098,517,2020-05-17
184,20200517,IL,12830632.0,0.3741047206404174,158.1761521957765,32.55490454406299,4535.583282257647,517,2020-05-17
182,20200517,IA,3046355.0,0.16413057572082046,129.36771978315068,11.521966415601597,3290.5226081661526,517,2020-05-17
150,20200518,OH,11536504.0,0.2773803918414105,64.03152982914061,14.363103415038038,2356.424441927988,518,2020-05-18
144,20200518,NE,1826341.0,0.0,101.89772884691304,6.734777349903442,3695.9691536246514,518,2020-05-18
138,20200518,MO,5988927.0,0.18367230056402423,84.87330034244866,10.101976531021332,2526.9635111598454,518,2020-05-18
137,20200518,MN,5303925.0,0.16968565731981503,113.51970474695626,13.95193182407368,2952.643561136328,518,2020-05-18
136,20200518,MI,9883640.0,0.24282551772423924,133.75638934643513,49.72864248394316,4150.070217045542,518,2020-05-18
130,20200518,KS,2853118.0,0.035049374053228784,189.19652113932898,6.06354171120858,2347.957567825796,518,2020-05-18
129,20200518,IN,6483802.0,0.21592269473990724,102.85631794431725,27.22168258685259,2836.4839025004158,518,2020-05-18
128,20200518,IL,12830632.0,0.4442493557604956,165.98558823914522,32.99915389982348,4701.568870496792,518,2020-05-18
126,20200518,IA,3046355.0,0.13130446057665637,95.42551672408501,11.653270876178253,3385.9481248902375,518,2020-05-18
94,20200519,OH,11536504.0,0.546092646437777,49.86779357073859,14.909196061475816,2406.2922354987268,519,2020-05-19
88,20200519,NE,1826341.0,0.1095085747951779,135.95489560821335,6.844285924698619,3831.924049232865,519,2020-05-19
82,20200519,MO,5988927.0,0.18367230056402423,46.2854197421341,10.285648831585357,2573.2489309019797,519,2020-05-19
81,20200519,MN,5303925.0,0.3205173527152062,98.58736690281253,14.27244917678889,3051.230928039141,519,2020-05-19
80,20200519,MI,9883640.0,1.0320084503280167,128.75823077327786,50.760650934271176,4278.82844781882,519,2020-05-19
74,20200519,KS,2853118.0,0.0,0.0,6.06354171120858,2347.957567825796,519,2020-05-19
73,20200519,IN,6483802.0,0.9099599278324662,83.5620828643441,28.131642514685055,2920.04598536476,519,2020-05-19
72,20200519,IL,12830632.0,1.1301080102679275,143.74194505773372,34.129261910091415,4845.310815554526,519,2020-05-19
70,20200519,IA,3046355.0,0.5580439574507895,147.71751814873844,12.211314833629041,3533.6656430389758,519,2020-05-19
38,20200520,OH,11536504.0,0.5287563719476889,103.37620478439568,15.437952433423506,2509.668440283122,520,2020-05-20
32,20200520,NE,1826341.0,0.38328001178312265,117.77647219221383,7.227565936481742,3949.7005214250785,520,2020-05-20
26,20200520,MO,5988927.0,0.2504622280418512,131.47597224010244,10.536111059627208,2704.724903142082,520,2020-05-20
25,20200520,MN,5303925.0,0.5467648958082929,103.75335247010469,14.819214072597182,3154.9842805092453,520,2020-05-20
24,20200520,MI,9883640.0,0.43506238592259533,143.3479972965426,51.19571332019377,4422.176445115362,520,2020-05-20
18,20200520,KS,2853118.0,0.17524687026614394,147.66301288625286,6.238788581474723,2495.620580712049,520,2020-05-20
17,20200520,IN,6483802.0,0.6169219849711636,98.83090199238039,28.748564499656222,3018.87688735714,520,2020-05-20
16,20200520,IL,12830632.0,1.1379018586146028,163.8968368822362,35.26716376870601,5009.207652436762,520,2020-05-20
14,20200520,IA,3046355.0,0.5252178423066255,101.76095694690868,12.736532675935669,3635.4265999858844,520,2020-05-20
