dapi_int,red_int,green_int
1111,822.37366,-174.51915
361.75,893.88135,341.994
327.5,945.0205,269.1532
864,945.92365,184.98035
557.25,954.1674,454.1177
352,956.88306,184.47787
402.25,972.9448,168.73752
129,982.6134,1289.6548
220,989.7458,1131.0957
446.75,991.3679,288.0402
555.25,996.79626,2370.0718
371.75,1034.2795,387.34686
244.25,1065.9565,153.85544
275.5,1076.9209,299.5261
188,1133.1913,102.188
242.75,1135.0237,815.7421
222.25,1155.1381,84.14894
35.25,1158.1808,203.38382
385.5,1160.1265,115.26495
679.75,1166.6649,498.97076
307,1181.9987,159.99408
211,1185.3553,492.7393
380.5,1206.4209,319.08313
623.5,1206.9563,265.09866
76.5,1216.9851,336.56055
249.25,1219.5433,1021.46045
361,1221.206,283.83475
244,1222.1694,293.29083
251.75,1232.5747,97.02691
546.75,1232.681,91.19191
94.25,1235.1768,111.56686
65.5,1248.0503,456.71075
93.75,1248.8971,140.94278
787,1261.7062,123.16088
33.25,1263.2946,128.5214
296.25,1270.7091,280.34686
271.5,1276.0739,372.2393
678.25,1289.103,311.2894
197.25,1295.7781,126.89143
457.25,1310.3794,798.3084
237.25,1319.0028,91.87863
26,1349.4814,157.24434
243.75,1362.7107,319.76813
371,1368.2557,80.707466
380.25,1368.6265,440.78876
566.5,1370.7897,141.8627
284.5,1382.7588,962.0767
809.25,1384.3058,1797.1146
122,1389.996,90.21697
71.75,1392.2622,762.7105
503,1392.5228,192.68759
277.75,1393.4006,83.861664
164.25,1399.0951,113.37617
141.25,1410.0377,1444.9396
103.5,1411.0433,426.9835
17.25,1411.6694,234.85095
766.25,1430.8501,240.3732
20.25,1434.3427,-44.439724
711.25,1442.811,156.00452
1.5,1449.728,81.60675
261.5,1457.8937,1286.333
213.25,1457.9622,175.74033
388.25,1461.5303,66.467354
580.5,1462.0612,788.7653
531.75,1466.3082,522.07446
395.5,1471.9257,92.79533
546.25,1473.1166,180.2217
1075,1481.2164,583.5439
354.5,1482.74,80.04276
559,1482.9193,77.38253
179.25,1487.419,77.187614
64.5,1487.5258,102.049225
12.75,1488.8944,337.23398
177.75,1490.6688,89.73649
338,1492.3248,164.47737
345,1492.7758,153.54082
1958.75,1493.0695,504.21957
123.5,1501.7015,888.0677
350.25,1509.8827,329.32736
75,1513.5881,-42.38102
433.75,1519.5743,168.12823
258.5,1519.6016,433.45557
589.5,1523.0542,195.35033
161.75,1524.5713,255.34544
52,1525.5125,283.4214
293.5,1525.9811,379.14355
371,1526.269,288.85822
313,1535.3375,150.65958
63.25,1537.7678,-82.18199
280.5,1538.5374,503.26578
162.75,1541.2052,120.332886
255,1542.373,104.84401
102.75,1546.9944,312.29065
104.5,1551.1948,1120.2787
107,1554.4838,1517.9679
36,1556.965,102.52113
66.75,1561.609,584.81226
157.75,1565.1926,365.8195
539.75,1568.3287,81.662834
1.75,1570.0514,520.4722
1376,1575.566,472.23407
74.5,1575.6447,495.7948
333.5,1579.7318,147.1209
975.25,1584.009,199.94984
91.75,1585.0492,1114.0089
186,1585.7684,113.254196
290,1591.7216,104.296684
64.25,1593.4459,93.33227
340.5,1605.3939,-54.902843
277.25,1608.0403,248.25111
92,1608.1127,94.63578
76,1609.089,603.64795
231,1617.1235,187.57974
255.25,1620.428,371.8749
330.5,1621.2147,265.8489
766.5,1635.2601,104.70308
749.5,1636.9244,640.8298
83.75,1638.0493,108.52558
98.5,1638.2926,146.21764
73.75,1641.63,180.40019
973.5,1647.0507,860.54034
131.5,1647.4486,133.8329
1006.75,1650.0408,108.79078
364.25,1652.6913,435.72852
202,1654.2986,110.90922
91.25,1657.5216,319.18158
428.75,1657.7092,179.36696
327.25,1659.2369,119.76264
47.25,1659.2522,131.65533
276.75,1667.9246,556.74554
83,1675.1932,283.1316
85.25,1679.8634,113.33473
856.75,1681.02,229.49397
627.25,1683.1803,98.254715
19,1688.8743,480.90033
444,1689.2085,155.67169
221,1690.069,35.530315
142.75,1691.767,161.44717
160.5,1693.7384,1503.1637
1.5,1695.3855,341.46323
539.75,1700.2325,134.58759
209.25,1704.2426,164.49019
528.75,1706.4431,238.38048
204.25,1711.1194,257.15936
264.75,1711.1763,112.47378
100.5,1714.4342,120.50597
401.75,1714.9371,129.41139
469.25,1721.5371,132.62741
180,1725.1887,-132.91585
354,1736.0404,118.507286
1669,1738.7764,756.984
483.25,1739.5651,206.27092
366,1739.9557,185.34221
164.25,1744.9092,-75.26084
3,1746.4735,135.6404
349,1746.5854,364.76764
85.5,1748.0714,85.269485
555.5,1748.7599,34.4999
130,1749.0084,129.06787
361.5,1754.5232,128.8444
623.75,1755.4961,196.51955
211.5,1757.0553,138.99623
108.25,1757.7485,72.31029
51,1764.9105,155.09842
571.5,1765.853,1151.375
131.25,1767.296,85.625565
443,1768.4556,197.95734
155.75,1769.6179,103.36789
159.5,1772.1912,-126.86444
87.5,1773.2666,106.90816
16,1775.1493,467.84897
193.25,1776.0231,765.7191
98.25,1779.3945,202.58252
92.25,1782.4342,133.135
96.25,1783.6619,330.92477
44,1791.4106,215.83527
662.5,1792.1184,814.75134
710,1795.3563,135.78238
260.25,1796.009,168.40991
27.5,1796.228,450.7859
340,1800.3983,142.3467
86.25,1802.1306,102.7606
630.25,1802.5052,41.68806
119.5,1803.6483,72.59864
482.75,1809.1492,192.99187
427,1813.3652,221.66562
328,1815.425,174.44667
17.25,1817.2141,488.57617
532.75,1817.2216,1424.9398
223.5,1818.5839,195.76443
152.25,1821.0125,153.72336
181.5,1821.3206,191.3106
385.75,1828.5131,156.45038
324,1829.0544,618.93036
211.5,1834.52,80.73466
602,1834.6344,691.3631
48.5,1835.7415,2428.0137
162.5,1841.6523,261.3822
107,1843.2213,324.80325
71.75,1843.9739,126.992226
196.25,1844.7538,643.15497
169,1844.9967,750.31287
0.5,1845.7334,121.235695
80.25,1855.9019,97.538895
512,1856.2992,205.3433
302.5,1860.2725,474.51984
264.75,1860.3657,142.21645
173,1860.3751,205.67216
8.75,1862.4219,169.139
8.75,1865.1127,350.90497
249.25,1865.2338,60.769043
219.25,1867.1017,107.7294
843,1869.2596,278.24063
401.5,1869.6149,39.989902
15,1870.1678,99.3369
119,1870.9874,76.653435
377.5,1874.0487,128.84956
225.75,1875.9183,108.759224
625.75,1877.4889,1114.5079
1,1878.0812,869.9524
148.25,1884.7413,99.070724
573.5,1885.5425,1176.5736
581,1895.2312,202.07765
389,1898.6923,152.64041
309.75,1900.0913,595.66095
51.5,1900.7017,106.428955
370,1901.7983,295.7257
247,1907.431,114.08494
3.5,1909.6677,190.38087
131,1911.7466,464.43866
206,1913.8927,98.489555
164.25,1915.0563,256.1228
26.25,1917.5978,122.77845
839.5,1918.3678,458.40527
590.75,1918.6367,366.91733
4.25,1918.9343,211.31699
453,1919.0405,61.927895
104.5,1919.5729,76.08202
330,1928.5781,237.24695
222,1934.3384,193.907
386.5,1935.488,237.14038
645,1936.0143,482.9753
1037.5,1936.277,568.2902
64.25,1937.976,221.69067
144.75,1940.681,642.9564
362.75,1943.5248,78.874725
286.75,1945.2551,106.18038
60.25,1950.8872,648.26263
159.25,1952.1422,104.59334
21.75,1952.7341,162.63907
567.25,1955.9026,227.90327
507.5,1955.9117,109.97525
516.75,1962.6737,232.31538
420.25,1964.1195,144.86401
327.25,1964.4131,1033.0923
202.5,1964.8419,260.15576
2,1966.1777,60.506916
184.5,1968.9464,132.29329
330.75,1969.4255,759.19495
15.25,1974.0675,938.6415
604.25,1974.1346,735.872
152,1975.4386,1695.6038
6,1975.6299,344.27237
353.5,1978.3933,250.40106
140.25,1981.3131,433.48358
383.5,1983.9246,196.38959
88.25,1984.0151,882.75494
280.25,1988.6251,54.08339
376.25,1991.7776,469.90442
1.25,1994.8578,111.72285
89,1996.1848,547.17505
584.5,1996.4703,686.73096
663,1998.1705,90.95225
170.75,2001.139,699.78577
131,2002.0192,258.5272
54.25,2004.3427,227.28987
191.75,2005.9785,364.95526
166.75,2007.8341,133.96718
8.5,2013.7001,166.23274
377,2014.482,48.66685
379.75,2017.516,702.5826
151.5,2019.4672,503.87323
429.75,2019.602,1516.5217
383.25,2020.0999,268.07666
1180.75,2021.349,229.68857
183.5,2022.4391,101.5204
416.5,2022.4417,65.31832
279.75,2024.1206,560.2898
193.25,2024.588,541.7396
171.25,2024.745,119.7018
244,2025.6891,189.5138
734.5,2029.3839,244.79126
3.25,2031.7506,257.7926
310.25,2034.404,136.0049
158.5,2038.9403,107.77006
160,2042.4777,195.52316
42.25,2044.3086,153.18953
132.25,2046.2054,41.30262
354.5,2047.9155,279.08527
199.25,2051.5422,771.08435
5.25,2052.0127,231.17754
96.5,2054.5127,189.75212
960,2055.4326,156.13187
504.25,2057.8223,402.33545
63.75,2059.7336,130.01923
196.5,2059.936,292.602
43.5,2060.3066,83.81164
7.5,2063.7769,123.47873
389.5,2063.7974,249.59642
273.5,2064.5027,100.462616
50.25,2067.2092,117.12082
317.5,2067.3894,-138.44797
9.5,2067.6123,134.36981
294,2068.4072,164.23302
356,2070.1257,34.226383
274.5,2074.08,914.1232
322.5,2076.6792,597.25494
435,2077.1096,87.71446
186.5,2078.3584,139.51685
716.5,2079.5344,2805.6365
501,2081.566,288.63693
931.5,2081.7366,1888.4122
1735.25,2083.2898,166.83214
198.75,2085.5896,121.115814
258.75,2093.682,256.672
186.25,2096.2083,43.23749
42.25,2097.395,60.75944
36,2099.2593,113.47187
278.75,2100.5334,64.91861
63.75,2100.696,846.1481
33,2101.6592,209.54393
280.5,2102.7515,98.73852
7.5,2105.9846,156.48378
98.75,2108.4243,98.33341
398.5,2113.8955,285.98285
48.75,2113.9226,486.1009
242.25,2118.9927,586.2245
393.25,2119.764,168.4132
308.25,2121.916,1045.5865
1094.75,2125.9934,401.60004
264,2132.421,275.0343
281.25,2133.1802,866.19904
225.75,2133.393,383.56442
949.5,2136.3223,2202.1804
98.75,2139.462,329.51178
122.75,2139.6804,116.34297
254,2139.925,158.74448
101.5,2143.6025,177.02478
106.5,2144.1438,115.96473
99,2144.857,136.13939
274.25,2147.574,236.27914
114.5,2149.21,116.00336
109.25,2150.959,179.86789
5.75,2153.3992,121.55149
0,2154.71,90.61738
257,2156.8936,-52.43546
87.25,2163.0908,493.82126
135.25,2163.868,54.886322
102.25,2164.759,150.48239
37.75,2165.6033,546.0488
73,2170.7412,411.5081
74.5,2171.603,393.32605
60.75,2175.8787,927.77985
154.5,2177.751,677.6463
216.25,2179.4658,62.414635
265.5,2179.9697,163.87738
401.75,2181.4675,467.23422
695.25,2183.026,129.4161
455,2183.3367,111.87317
422.5,2184.8657,399.42615
254.5,2185.3687,592.80035
131.25,2185.8533,869.7553
384.25,2185.8662,550.36127
442.75,2185.947,186.01599
88.75,2187.3071,63.89951
696.75,2188.2646,378.94354
382.5,2193.0005,467.12988
114.75,2193.266,191.73271
579.75,2197.3042,98.80731
65.75,2197.3374,403.41663
1343.5,2198.5146,203.41225
398.75,2198.857,1175.2563
157.75,2203.4097,1071.7512
124.25,2208.3994,214.47826
108.75,2208.5693,172.21237
678,2209.8645,398.59348
367.5,2211.987,2081.9448
172.25,2213.885,77.10988
560.5,2218.08,69.048744
44.75,2218.6545,633.31744
83.25,2220.5918,276.11676
51.75,2223.1604,168.71788
193,2223.9255,1320.6189
176.75,2224.4006,115.51915
63.25,2225.2664,80.75625
25.75,2226.3066,46.759445
4,2227.0144,112.614105
281,2231.3662,84.44133
84.25,2235.9163,109.08001
263,2243.8914,653.7566
170,2245.4932,703.80975
0,2246.4543,205.59744
65.75,2251.3125,90.729065
251.25,2254.9795,475.32837
457,2259.2942,91.594986
782.25,2260.5183,2198.7283
16.25,2262.475,262.8984
559,2265.9363,-134.92229
731.25,2268.029,1632.3339
134,2269.754,107.19759
420,2274.3887,144.87248
79.25,2275.12,78.87514
18.75,2277.4204,161.77608
25.5,2277.5925,789.8161
216,2277.8228,251.05281
325.75,2279.748,103.33004
252.75,2283.2104,78.3943
611.5,2283.6157,200.75264
1312.75,2284.3933,1176.886
170,2285.7754,193.94934
19.25,2288.8481,279.7756
913.25,2292.9946,2619.6506
184.5,2293.1704,83.23436
435,2293.5127,161.10638
541.25,2299.8093,85.523224
359.5,2302.7812,141.07687
348.25,2303.0142,691.77155
759.5,2303.11,191.86325
461.5,2304.5437,401.3754
854.25,2308.8943,-92.79398
367.5,2310.7827,677.941
386.75,2311.195,128.44576
7.5,2314.1584,83.43999
8.25,2315.361,99.55222
13.25,2316.1016,48.67447
255.5,2316.7449,233.45802
1282.5,2317.865,-137.16205
440.5,2318.2737,224.21248
290.25,2320.3464,454.0299
136,2320.705,132.72835
323,2322.7708,129.38638
47.5,2323.5708,795.2215
16,2326.1462,172.47939
219.75,2328.4358,1298.7538
230.75,2330.9802,252.27385
174.75,2331.6375,768.2758
399,2332.4143,701.9235
929,2332.8772,54.738792
345.25,2334.6357,329.793
19,2339.829,308.74582
2.75,2340.5715,66.526054
433.5,2340.7136,107.08086
132,2340.7676,503.23898
30.5,2344.6035,482.69992
304,2345.04,227.41139
82,2355.9736,71.09162
228.75,2356.7017,620.28314
197.75,2360.9568,1642.9674
625.75,2362.971,96.6296
6.5,2366.8772,125.61131
324,2367.202,168.57524
222,2369.2844,519.7192
371.75,2369.954,153.22664
202.75,2375.5457,1655.896
25.5,2377.5164,217.59595
335.75,2378.515,545.70624
339.5,2380.5437,904.8318
164,2380.6128,563.9728
956.5,2380.6362,214.91502
7.25,2384.6748,316.0873
260.5,2386.285,104.64794
659,2386.6558,102.51698
343,2387.3503,170.19005
184.75,2387.4128,155.7622
452.75,2390.7246,269.33243
20.75,2391.1382,984.65967
90.75,2398.5183,236.64328
214.5,2398.8416,101.46536
62.5,2399.245,86.15296
0,2403.2312,142.67596
617.75,2407.7024,2558.546
504.25,2407.8518,566.47375
63,2412.1494,133.78363
6.75,2413.1929,163.73012
104.5,2413.346,275.67133
396,2414.1543,1167.5597
4.25,2414.3472,229.68277
485.5,2415.4702,220.83743
44,2418.7798,68.879234
137.75,2419.7454,921.609
448,2419.99,155.74596
4.5,2421.3096,76.73595
7,2421.4438,1008.4027
230.5,2423.7427,126.13276
221,2424.9243,390.72675
240,2425.929,287.3831
627.75,2428.4592,114.60132
726,2430.3677,551.35974
134.75,2433.0364,62.990463
493.25,2434.6416,233.24315
1138,2434.9214,186.90527
864.5,2435.4138,375.21225
297,2436.1157,1178.2264
311.25,2436.4365,358.89487
603,2438.951,74.1271
26,2440.089,80.26398
41.25,2441.9812,595.11584
425.5,2444.0625,1097.6276
212.25,2445.4617,158.1648
386,2454.2776,1200.9155
1131.75,2455.841,2609.9683
701,2457.555,1744.6808
16,2461.8232,97.84995
142,2465.9236,86.078636
175.75,2468.7097,161.08945
479,2469.5942,749.6438
483.75,2470.5623,617.12616
14.5,2470.7256,251.23347
106.5,2475.19,107.0748
490.5,2478.0354,214.91539
1075.5,2480.7808,3616.3628
145.25,2481.4844,181.00926
397.25,2482.6326,766.6241
724,2483.1807,404.88113
303,2484.4832,808.7138
221.5,2484.8936,918.4572
888,2489.968,167.00256
410.5,2490.6711,709.8633
609.75,2492.2783,134.27576
437.5,2492.7825,54.90093
267.25,2494.3818,159.278
53.75,2498.2363,130.216
423.25,2502.004,68.532295
31,2504.9634,791.24097
299.75,2506.6953,-33.599728
880.5,2507.4656,194.87659
14.75,2514.8096,236.5563
83.25,2515.3125,109.87825
800.75,2516.9097,55.70318
728.75,2524.7332,2349.5046
105.5,2525.0837,99.36217
243.25,2527.2693,401.80475
236,2530.255,87.75572
125.25,2533.309,150.10205
24.75,2533.782,576.19147
1,2537.5525,346.67432
133.75,2540.398,109.404
39,2541.1145,137.52919
416.75,2543.2656,833.9184
240.5,2548.532,230.78731
20.75,2552.6348,1638.3772
137.25,2552.9915,628.20386
256.75,2555.9077,682.4567
146.5,2556.7424,99.18723
43.5,2558.786,512.59265
127.75,2560.7795,2005.0758
106.5,2561.1555,249.42622
237.25,2561.6091,93.72392
10.25,2563.3616,98.778915
98,2563.8513,168.06046
56,2563.8823,60.193665
147,2565.3801,151.9516
686.25,2567.159,1663.493
107,2575.1238,145.71526
214,2585.0054,155.29218
290.75,2585.0679,1189.9917
258.75,2587.7441,442.36475
409.5,2588.3445,135.6693
1460.75,2589.0696,318.43793
100.25,2592.402,411.62253
303.75,2595.6697,480.80896
165.5,2596.7263,1276.6532
358,2599.8787,110.24261
531,2604.0525,378.84137
56.25,2608.6855,126.99356
121.25,2612.616,138.75447
386.25,2613.046,531.06177
533.25,2614.5728,239.06209
638.5,2616.1826,210.51855
6.5,2618.244,101.50217
21,2619.2075,169.00076
120.75,2619.5764,579.8256
431,2623.167,623.72864
632,2624.364,388.39062
537.25,2629.2834,954.3161
631.5,2630.429,594.38043
185.5,2630.6948,584.92224
465.25,2632.4597,164.23225
18.75,2632.7974,172.25981
40.25,2632.9722,130.50914
701.5,2634.3335,261.36285
86.25,2645.2305,110.828835
58,2649.6309,77.60917
921.75,2651.3313,82.602264
129,2651.5344,53.56473
189.25,2652.6157,175.34349
38.5,2658.7126,606.8419
72.5,2658.7737,104.67307
316,2663.8665,140.67918
289.5,2664.8765,295.50803
152.75,2666.0144,1266.6942
336,2666.5337,265.04642
758,2666.5625,83.70017
392.25,2666.8984,182.9781
100,2667.4749,143.97429
587,2668.6924,157.42378
100,2669.2217,348.97534
277.75,2669.9417,513.26715
370.5,2675.2273,115.72903
143,2675.358,137.94211
185,2675.9275,243.31717
374.25,2678.807,387.89398
47.75,2682.9568,475.2234
41,2684.074,130.56583
435.5,2684.2695,139.56429
355.75,2688.7444,197.56233
497.75,2688.91,-157.25293
193.75,2689.7852,406.12698
643,2692.012,175.0494
96.25,2695.7708,905.354
371.5,2697.5483,111.96138
36,2697.7915,332.46606
49,2698.7778,379.25485
1247.5,2702.485,354.5148
597.5,2711.4043,112.58003
0,2712.0015,973.89246
149.5,2712.4229,127.419174
23.75,2712.423,326.44302
219.25,2716.656,249.32144
360,2716.7695,102.33601
414,2718.542,284.16724
396.75,2721.392,134.36734
696.75,2721.4573,1816.3217
192.25,2723.6223,956.4019
448.75,2725.0068,210.92032
72.25,2731.4167,402.73187
72,2735.1104,175.1263
494.25,2735.1482,239.32904
13.25,2736.146,162.89133
694.25,2737.809,552.6813
39.75,2742.5613,119.789375
403,2744.1636,422.2129
187.25,2744.6045,820.9668
801.25,2746.4841,194.0302
1141.25,2751.1409,404.41168
329.5,2753.5786,963.717
174.25,2758.8801,233.22075
5.75,2759.592,162.98973
189,2762.5251,314.3565
307.5,2763.709,205.8364
118.25,2765.1943,443.77496
290.5,2768.207,252.3432
9.5,2769.8,149.71582
41.5,2771.56,263.0133
24.5,2773.6316,106.06318
346.5,2775.9438,433.6141
828.5,2780.3667,2053.6235
255.5,2782.8867,1617.2742
2,2785.6665,574.6626
304.25,2787.5056,68.304695
702,2788.5027,990.04047
957.75,2789.2395,192.19151
320.75,2792.238,1639.5277
33.75,2795.4397,49.9386
720,2800.1287,92.230255
340.25,2801.507,1079.9536
198.75,2805.1526,347.1426
708.75,2806.9731,74.81819
298.25,2807.3,120.64877
180.25,2807.492,119.71806
65.25,2808.6719,209.63077
203.5,2812.7615,65.737915
105.25,2813.7524,142.7224
310.25,2814.123,109.63678
11,2814.498,1867.3596
47.75,2815.8599,103.56995
65.75,2816.2043,123.21933
288,2818.2021,303.1201
458.25,2822.145,620.61
417.25,2822.4248,734.86816
158.25,2822.597,156.56046
371.75,2827.3186,146.60184
927.5,2829.4917,1746.8002
677.75,2830.0225,2150.968
539,2832.6516,405.3659
445.75,2837.3347,799.04126
115.75,2839.901,432.23486
528.25,2841.3743,544.6559
456.5,2848.0757,126.619545
104.25,2850.8496,597.0698
201.75,2853.187,142.14323
19.25,2856.4045,542.49536
243.5,2862.0005,296.3544
259.25,2862.2795,2173.2285
18.5,2866.912,51.48067
159,2868.003,96.74647
166.25,2868.7168,133.33124
197.75,2871.084,163.85245
479.25,2871.791,1301.2162
694.75,2874.3662,518.1229
35.5,2877.9734,119.415596
305.75,2883.1978,111.51909
202.75,2885.4077,152.92488
106.5,2886.8486,532.3418
18.25,2887.1042,173.81482
826,2891.2573,192.90408
32,2892.9417,194.86284
127.75,2895.526,143.338
224.5,2898.7102,174.04721
621.75,2900.3618,495.8877
49.5,2901.86,77.098946
63.25,2902.5823,98.536026
302.25,2905.2073,1589.1946
50.5,2905.261,141.10341
274.5,2909.1777,1636.5713
149.75,2912.9229,910.2195
194.75,2915.2969,87.05854
17.25,2915.7473,237.8546
34,2916.5142,1915.464
192.75,2929.4102,139.04164
320.75,2929.8438,219.49976
21.25,2931.977,113.017624
136.75,2933.0837,141.83981
654.75,2941.0334,115.43832
345.75,2941.6858,245.04057
191.25,2943.4326,146.29295
671,2944.7769,562.671
922.75,2947.6611,112.00053
9.25,2957.4194,531.58765
564.5,2959.7961,140.029
34.75,2964.2246,175.51268
118,2966.8132,730.49475
711,2967.0369,148.42612
413.5,2968.884,112.66633
226,2969.7932,756.8793
230,2970.676,78.95574
171.5,2971.3677,118.74085
89.75,2974,105.284836
112.25,2975.1355,639.9864
256.25,2980.4795,263.20337
568.5,2985.0095,224.80972
370.5,2985.8208,1091.0419
207.25,2989.4055,130.50462
18.75,2991.5146,416.14206
503.75,2991.7175,2237.9722
258.25,2991.8867,602.12415
226,2992.619,221.3391
263.25,3000.0198,218.01791
14,3005.1743,151.95737
469.25,3005.4539,330.7668
225.25,3010.1655,132.2733
625,3010.217,404.1703
1194,3012.3037,201.66573
96.75,3012.726,143.10034
325.25,3012.8484,276.07205
329.5,3013.0461,52.301075
245,3016.7217,127.68639
439.75,3018.1313,120.08693
368,3019.5198,505.22882
531.75,3024.8394,245.32599
444.5,3027.1077,869.9906
201.25,3028.4773,40.178394
461,3029.213,82.31262
596.75,3032.1428,1254.7738
332.25,3032.1726,124.95627
183,3035.2815,331.2041
334,3041.3755,56.294674
713,3041.4705,219.77611
59.25,3045.0344,288.42432
3.75,3053.2632,69.92664
282.25,3053.6833,150.5824
200,3053.6855,166.7862
70.5,3055.6606,61.72915
698.75,3065.8213,297.22284
30,3071.6877,66.86433
140.25,3073.8289,511.3733
385,3075.2402,751.6484
483.5,3075.5713,443.36874
242,3077.207,108.761
143.25,3078.6335,323.0472
323.25,3080.6553,427.4111
350,3081.8254,627.15295
730.75,3082.7468,411.30206
43.25,3083.3147,361.19675
51.25,3084.865,901.4814
603.5,3088.6301,438.70764
290.25,3093.3538,78.0534
271.5,3095.295,180.66777
381.5,3097.2915,2177.368
357.5,3098.0317,117.57574
103.25,3098.245,971.9602
356.75,3098.3994,377.77875
70.5,3099.379,141.26501
410.25,3101.1023,265.542
475,3103.349,987.7306
2.75,3104.3147,150.70605
746.75,3108.3093,1070.57
266.75,3114.232,175.9522
164.25,3122.7073,756.21094
370,3123.0657,233.51076
497.75,3124.7244,863.21906
509,3125.2207,1227.3677
479.25,3126.4177,477.21286
11,3128.317,982.4077
335.25,3129.426,518.7089
553.25,3129.7908,485.4895
638.25,3139.0156,629.7171
1026,3141.3477,123.92985
1132.25,3143.9988,583.42236
585.25,3144.3608,-50.57524
406.75,3151.325,157.31097
145.75,3159.1309,244.70781
158.25,3160.0798,85.29252
155.25,3161.402,193.18279
36.5,3165.6938,493.72192
98.25,3174.7844,70.72541
437,3174.8496,158.55817
267.75,3177.9536,570.26794
86.75,3179.053,1519.0763
11.5,3180.6177,195.93697
31.75,3180.8918,165.57245
63.5,3183.3315,86.98596
328,3185.683,114.99679
203.25,3187.8772,168.7456
1441.25,3188.4365,499.83783
115.75,3193.7786,1152.36
480,3202.274,141.30621
1092.25,3205.1938,199.35909
72.25,3207.2112,327.55527
277.5,3209.32,151.12239
1241.75,3209.829,185.38606
531.75,3214.3374,714.30884
194.75,3216.8303,164.94333
777.25,3225.4116,675.0875
94.75,3235.6245,1492.9119
714.25,3235.886,592.2351
357.5,3237.2498,190.54549
42.75,3237.7812,684.92035
301.25,3249.7903,155.60646
214.75,3250.4363,468.0676
806.5,3250.7336,342.03763
64,3257.3865,268.00064
83.25,3257.8835,118.2142
6,3258.5747,175.25499
147.75,3258.7058,238.4564
86.25,3259.442,201.4842
84.5,3260.892,74.07005
546.5,3261.54,94.46394
148.75,3263.896,161.70107
332.75,3265.345,240.68143
214.25,3267.6904,136.74883
20.25,3269.6604,130.3722
351.75,3274.041,196.81705
573.5,3275.3906,162.7646
336.25,3276.2212,141.10677
170,3279.2659,616.4493
572.5,3281.8933,504.16833
101.75,3289.882,141.91785
420.25,3295.1511,340.15552
906.75,3304.955,107.04125
54,3307.5125,525.3298
482,3308.1814,536.16504
1212.25,3316.632,172.1641
205,3323.6775,93.63121
114.25,3324.34,88.98841
232.5,3338.8396,566.31744
139.75,3341.0679,179.00269
84.75,3347.6482,148.73512
199.5,3348.2073,89.84024
424.25,3348.2114,1568.4159
426.5,3350.1936,-169.55728
168.5,3351.165,102.0059
155.25,3356.0361,448.9563
9,3357.194,256.9865
108.75,3358.6443,89.144905
0,3361.1074,287.5487
347.25,3368.326,263.58347
500.25,3371.3757,221.09244
80,3376.8042,883.7662
453.25,3382.0325,434.3405
849.5,3383.5413,1896.6516
533,3394.2583,124.47492
971.5,3401.1213,1901.6108
675.75,3401.1252,371.79276
5.75,3405.0022,277.3756
352,3407.6946,954.23645
115.5,3413.2727,88.79462
169.75,3419.2026,417.37582
37,3420.283,116.45778
493.5,3429.3877,927.9555
124.5,3435.9104,256.7709
233.5,3437.8167,868.4058
220.75,3441.0195,894.5158
439.75,3441.3538,1036.7133
330.5,3446.1667,84.28494
311.5,3448.447,1211.8959
1.25,3452.2217,59.97938
337.5,3453.2205,61.45574
253,3455.748,263.17712
277.25,3457.1934,63.390205
84.25,3459.9658,159.0266
161,3460.7786,140.2131
505.75,3466.085,70.43281
137,3466.0857,119.374535
117.5,3467.5918,84.49789
11.75,3469.715,824.5663
146.25,3470.2349,1058.2147
583.25,3471.0173,144.2779
686.25,3477.7397,813.15497
573.25,3479.9314,786.35425
122.5,3485.9182,76.414185
647.25,3493.1392,375.4745
374.5,3501.2705,750.7531
742.5,3502.2483,525.74097
80.25,3502.2996,165.49304
1,3502.55,211.92041
87.25,3506.9912,192.9347
748.75,3511.172,97.16737
450.75,3512.783,1690.6086
185.5,3513.9954,105.72092
199.25,3516.805,560.55347
265,3519.6526,535.6928
160,3522.1282,1073.6736
110.5,3522.7112,321.56143
104.5,3525.6995,2728.0706
132,3529.424,123.24068
62.5,3534.4385,126.577515
2037.75,3536.349,114.440544
359.5,3540.51,157.76213
992,3544.1633,588.6506
981,3548.298,1695.2428
445.5,3548.5432,-53.406292
18.75,3548.9583,66.68096
17,3555.7632,688.66907
397.75,3556.2424,1067.8987
237,3563.6643,909.3025
85.75,3563.9788,142.70131
64.25,3564.4226,565.1103
686.5,3578.299,352.05804
556,3584.118,590.0044
243.5,3587.9216,109.66976
1610,3589.167,521.7591
555.25,3589.2495,415.79364
586.25,3589.7737,304.268
458.75,3591.9458,179.4855
631.5,3593.7676,1513.9526
12.5,3599.2893,215.66968
265.25,3601.173,170.06966
76.75,3602.3003,372.06332
113.25,3602.6338,1190.8848
272.5,3608.0588,242.83543
300.75,3615.3901,1661.3268
760.25,3616.652,164.43648
622,3621.728,2537.5613
1024.75,3624.8728,810.6269
821.25,3636.2957,2729.3904
1000,3639.0134,100.5882
633.75,3648.9604,104.19028
951.25,3650.7405,234.43166
574,3655.5884,141.52469
1412.5,3656.391,457.229
226.75,3657.9722,96.43128
26.25,3673.5552,1641.4418
94.75,3677.9568,215.47098
90.5,3684.8396,268.68985
303.75,3689.4043,261.93494
254.5,3689.8572,162.34805
49.25,3694.7925,96.18135
433,3695.037,647.18506
47.75,3695.1367,621.9961
199.75,3698.4084,108.26248
500.5,3698.6292,165.0509
437.25,3704.5957,135.76302
611,3706.2407,965.96967
481.75,3718.543,589.10364
6.75,3729.0015,678.22437
278.25,3730.856,1600.3864
459,3734.8809,55.88403
728,3742.9258,460.20462
1535,3745.3494,472.69354
202,3746.8213,120.9024
266,3748.7842,88.73419
336.5,3750.2185,824.44714
200.5,3758.398,187.85661
265.5,3759.196,455.8211
134.5,3761.8528,169.04968
245.5,3764.9832,1316.1106
236.5,3766.3606,101.35603
85.25,3769.9644,572.9537
121.75,3774.3542,1039.718
597.75,3778.6387,897.9643
11.5,3793.0103,680.5029
200,3800.6428,129.23137
260.25,3802.4866,628.1017
251,3809.5999,753.52673
635.75,3813.7305,361.6565
276,3816.0466,176.96162
219,3818.5598,531.9322
631.75,3823.406,1877.2338
199.75,3825.9392,332.89774
283.75,3831.9565,513.41144
297.75,3835.0488,214.66824
306.5,3850.764,235.60637
124.5,3853.3928,293.3098
34,3854.4453,588.80145
357,3870.3228,303.47067
523.75,3870.6267,50.12731
19.75,3871.4985,1113.6802
330.75,3872.3777,564.98486
433.25,3873.1501,601.1576
9,3876.0862,219.73888
321.5,3877.8804,127.153534
3.75,3885.4365,300.79324
436.25,3890.2646,246.06711
1125,3890.7212,2810.716
246.25,3891.389,217.10634
374.75,3896.3198,906.1079
19.5,3906.963,1018.833
193.75,3916.6912,79.03474
139.5,3922.2039,1614.8622
184.25,3927.232,1613.3074
879,3930.3264,513.22125
1003.5,3932.2388,569.19995
249,3936.692,611.51025
345.75,3937.5605,321.86847
864.75,3943.4932,46.225216
853,3949.2686,1273.3474
728.75,3951.553,544.59717
745.25,3951.9272,492.02798
182.25,3955.1006,847.856
242.5,3961.4556,615.55176
971.75,3963.4312,88.012245
93.5,3966.1968,86.92391
702.75,3978.0427,422.01886
273.75,3980.7354,185.83974
358.75,3983.6372,70.99912
904.75,3985.963,606.46387
262.75,4001.1265,125.857216
424.75,4006.903,2335.6855
221,4009.7385,69.53057
872.75,4018.4312,579.8078
931.5,4023.1177,250.08708
118,4023.359,523.21155
428,4026.9922,95.50991
152.75,4027.0144,2633.877
14.5,4037.9385,1900.2594
583,4047.8958,377.63574
207,4048.173,76.09652
302.5,4059.9475,207.91594
8.25,4071.9531,145.2221
508.5,4080.7695,1332.5004
2.25,4084.7192,434.71896
83,4086.8884,1228.4005
182,4089.8118,931.2588
649,4094.4324,636.5326
180,4099.8047,1171.7161
34.25,4104.137,87.911995
102.75,4104.957,774.7597
451.75,4117.809,1868.406
149.25,4119.6143,153.32695
2.75,4119.893,245.66438
433.75,4128.3135,93.63567
202.75,4129.009,1619.311
259,4138.7617,517.7537
242.75,4140.017,87.125595
136.5,4143.799,666.9065
398.25,4145.4536,925.66
1133.25,4154.139,202.43593
694.5,4156.8877,224.43962
107.5,4165.1997,94.74078
625,4165.6167,459.0029
962.25,4166.739,1703.4818
930.75,4168.6533,1709.6324
824,4171.046,221.12436
429.75,4173.062,259.1909
638.25,4174.1997,742.7123
257.25,4175.942,330.34747
107.75,4199.6743,818.7423
356.75,4211.0884,83.35881
57.5,4216.856,216.55768
232.5,4225.7886,169.09999
264.25,4236.5186,341.3324
51.75,4246.4653,138.9925
486.75,4248.692,763.63324
496.75,4250.3486,2856.585
1457,4253.5444,3099.7837
397.75,4254.3823,502.19086
435.5,4265.0996,270.40015
265.75,4274.3423,178.18239
537.75,4277.4097,414.6681
220.25,4277.7,2614.3784
443.25,4278.719,1175.8192
245.75,4280.4907,2645.311
566.75,4280.8003,225.47733
247,4287.6826,438.8198
858.75,4288.3433,569.92865
21.25,4311.598,667.6666
376.25,4314.5215,1211.4023
107.75,4318.1743,223.03366
709.75,4344.051,515.402
711.5,4360.527,464.76334
617.25,4362.696,95.45601
201.75,4364.6504,363.28967
425.5,4373.6523,1569.4825
133.25,4384.0396,243.67204
18,4384.9395,69.90661
312,4400.7266,360.9978
268.5,4409.706,4720.2324
6.5,4411.1465,170.40695
6.75,4416.613,134.87862
648,4420.292,2822.3806
209.75,4439.314,1203.2432
363.5,4445.313,1030.0619
980.75,4452.4,103.63069
335.5,4454.937,1086.0349
249.25,4456.6885,57.397915
618.5,4459.989,176.70114
234.25,4466.411,206.47589
177,4485.868,892.7475
205,4491.6743,130.747
433.25,4497.4233,1451.8209
288.5,4505.0874,319.24918
455,4506.3516,160.29478
130,4511.1196,224.28984
824.25,4516.388,170.75642
287,4524.98,94.738945
234,4535.0396,292.06693
20.25,4539.263,229.4968
57.75,4542.062,818.9332
266,4545.6616,247.53133
271.75,4549.6523,288.14
206.75,4554.2324,432.9619
271.5,4562.289,332.67392
263.25,4563.5205,476.93533
77.25,4565.895,690.8081
404,4580.038,1988.5522
333.25,4592.241,1506.5264
225.5,4596.2476,469.71933
41.75,4619.4565,309.0648
332,4629.862,1248.1731
117.75,4633.455,214.86575
154,4638.3525,915.72314
439.25,4649.004,658.8073
632.5,4650.591,485.10318
5.5,4665.729,242.36281
780.75,4673.842,747.0221
1371.75,4675.164,3071.132
67.25,4687.473,235.723
142.75,4693.8755,1205.13
605,4699.676,685.129
949.75,4700.6772,488.79086
1304.25,4711.8584,615.441
55.75,4723.8867,578.4485
1351,4729.137,2224.9553
522.25,4759.744,653.8083
1169,4760.1255,167.30345
54.25,4762.0864,722.349
251.25,4764.2437,215.43552
325.75,4777.907,170.72868
716.5,4778.7676,148.55194
171.25,4782.7656,376.9519
313.5,4789.9355,2745.1338
44,4795.874,1111.6483
862.75,4808.9233,191.5858
465.25,4816.696,274.39243
128.5,4822.1055,208.59949
418.5,4826.695,287.85663
27.25,4826.7036,161.00821
88,4836.5005,64.90419
229,4845.074,1373.8335
386,4848.1113,384.11337
103.25,4860.7505,1228.856
225,4863.848,1349.6766
94,4870.4653,268.57025
230,4871.415,2656.7043
121,4879.8296,234.26605
7.75,4886.474,902.69135
202.25,4888.5244,320.19516
371,4889.8584,142.33089
474.5,4898.854,562.7867
981.25,4914.6187,222.9876
562.5,4919.6494,351.66602
240.25,4924.96,816.8264
421.75,4926.942,292.71838
881,4931.836,1449.9551
243.5,4935.9897,139.89148
159.25,4947.193,242.94374
534.75,4949.407,324.28143
413.5,4965.0293,2018.4236
514,4967.1533,689.6718
728.25,4973.7803,294.40967
582,4975.667,1302.7004
92.75,4976.8833,77.04978
337.75,4989.1406,168.12192
999.5,4993.087,574.77747
526.5,5007.868,512.1694
1347.5,5009.9595,334.1366
986.5,5015.612,793.3363
165.5,5022.729,265.06674
25.75,5023.2935,336.11795
378.5,5040.618,750.961
191.25,5041.296,588.7271
496.25,5054.1323,1201.0842
1034.75,5055.823,509.07718
245.25,5056.663,323.5948
576.25,5065.272,119.12376
436.25,5066.5073,647.90405
404.75,5076.153,362.72806
891.75,5077.457,326.25705
458.25,5080.737,565.4979
458,5095.313,564.42944
236.75,5098.024,900.21747
173.75,5115.728,85.84242
186.75,5132.8413,2702.989
475,5159.3496,252.9478
384.75,5160.448,480.21765
701.5,5161.375,384.85934
343,5168.4766,200.3885
638.25,5183.566,247.63245
9,5196.875,1980.6113
105.25,5197.0137,1409.7992
402,5204.4624,335.9682
219,5220.7603,609.5137
423.25,5224.318,449.19846
108.25,5229.5283,59.78399
1.25,5229.855,1198.4513
201.75,5246.238,868.0362
535.75,5262.78,1053.1238
158.5,5268.862,645.15564
31,5272.6943,-74.51459
1017.25,5281.034,674.7252
404.75,5285.303,1737.8207
397,5290.99,2084.3865
282,5298.096,1210.5525
83.25,5310.1587,76.45312
391.5,5318.05,-105.07836
421,5324.152,121.192375
1200.75,5358.295,1390.6987
0,5371.836,1115.7352
1063.25,5374.62,689.38434
442.25,5378.8164,755.35443
564.5,5379.933,1239.5397
3.75,5415.547,1101.8755
41.5,5431.029,908.84406
1000.25,5465.2563,503.1995
384.25,5469.223,122.23842
411.75,5473.5156,238.22739
285.5,5479.8613,192.75786
559.75,5509.0215,771.689
240,5512.7725,116.80753
315.5,5527.3667,148.48932
348.5,5534.7427,1378.409
744.75,5542.059,1875.3073
116.75,5552.928,713.0489
381.25,5557.047,327.05853
514.75,5571.8716,409.26443
179.5,5610.751,731.26013
161.5,5611.0044,199.29616
494.25,5620.9033,49.43851
513,5622.764,1187.2838
332.25,5650.084,231.77449
123.75,5652.38,2319.4146
225,5680.378,159.8988
449.25,5689.849,280.83704
89.5,5714.194,124.9202
568.5,5720.204,149.63657
115.75,5748.0645,268.14407
370.5,5767.566,727.404
9.75,5775.044,668.5026
1968,5800.567,306.31665
502,5830.998,-88.74637
1909.25,5831.9585,56.679077
135.75,5838.352,857.099
1392.25,5857.569,802.30963
79.75,5875.0986,254.91669
1221.25,5891.9683,934.4548
800,5896.318,834.0698
453,5914.1562,578.18134
730.5,5918.939,146.92387
208.25,5927.091,349.93716
117.75,5967.648,337.68463
306.75,6005.4546,102.6792
523.25,6020.106,77.624405
424.5,6040.677,549.7982
125.75,6058.6187,288.29877
383.5,6089.1123,697.2018
607.5,6098.7407,100.43017
584.25,6098.858,2165.5552
210,6156.875,751.6706
501.25,6160.4224,472.0959
393.75,6162.7427,702.156
495.25,6178.4863,98.84235
546.5,6180.222,134.77477
5,6194.7334,1965.9489
94.25,6214.1533,354.2378
12.25,6221.016,435.4223
312,6227.911,320.64752
244.25,6242.1045,109.90617
796.25,6246.502,227.90659
139.5,6255.619,347.63467
205,6260.9062,1163.744
271.25,6263.355,515.2096
87.25,6263.401,1386.5927
421.75,6288.198,181.82806
911,6291.164,2100.917
312.25,6314.297,1396.4038
141,6326.831,258.3089
490.5,6337.433,383.1426
690.25,6348.5015,278.75757
486,6355.2295,98.557884
312,6356.19,160.99603
364.75,6365.2676,1712.5283
487.5,6370.401,177.83835
41,6394.156,1829.7018
346,6408.8076,1996.032
370.25,6449.1206,168.0271
2320,6470.495,72.43375
227.25,6499.6675,84.6401
526.25,6531.245,187.90514
219.5,6536.3154,1962.834
947.5,6546.0894,237.77937
27.5,6563.662,427.83722
465.75,6575.748,277.76794
23.75,6589.729,1727.1368
808.25,6589.8164,1648.8533
687,6591.696,315.0188
1078.75,6603.513,762.8317
731.75,6610.3267,690.43353
42.5,6631.981,453.67673
205.5,6653.76,371.95468
609.25,6665.1797,2194.3186
496,6670.6436,1785.347
446.75,6685.5825,829.0008
662.5,6705.8394,903.39136
485.75,6744.595,681.8156
821.75,6748.084,659.9939
866.5,6750.2676,343.50674
183,6752.3237,1187.7195
771,6774.838,137.10458
543.25,6777.8184,1479.8851
6.5,6813.868,1213.1273
155.5,6824.2144,275.55072
700.5,6829.2817,676.7304
159.75,6842.161,574.7039
979.25,6868.3853,964.75604
854,6880.0366,147.1591
116.25,6973.3896,81.80582
577,6975.596,563.2156
515.5,6987.809,981.9092
818,7017.7065,222.38387
699,7023.6855,726.04913
489.75,7155.568,1951.1664
50,7191.773,1837.2009
490.75,7194.7256,354.76535
358.5,7194.9346,229.27716
472.25,7196.8228,163.44084
601,7258.6514,-111.14077
695.5,7304.564,2036.434
1355,7315.3047,95.31587
12.25,7350.389,483.15997
451.5,7370.512,63.275738
834.25,7377.929,134.29665
664.75,7379.1987,81.25453
1084.25,7393.0654,230.75887
400,7398.0137,99.42149
539.25,7401.1846,144.48778
434.75,7415.4727,668.742
362.25,7433.8877,657.1163
682,7454.8247,145.99348
490.5,7463.534,681.3739
376.25,7527.203,430.61685
1285,7557.2764,503.51764
663.75,7605.578,1127.6664
52.5,7605.6064,1792.7529
0.5,7624.0264,395.03024
465.75,7688.3066,1116.6226
1173.5,7782.0776,185.89468
933,7827.402,677.75793
685.75,7848.001,230.53253
659.25,7947.611,201.91324
231.5,7949.7856,179.80368
457.75,7973.5273,714.6225
291.5,8083.355,220.338
554.5,8107.0977,1977.8341
1002.5,8144.067,1382.1946
901,8272.78,1731.1381
65.75,8323.273,1914.054
1167.25,8439.477,819.53235
701.5,8441.666,81.72574
873,8470.887,723.4318
353,8475.605,251.28076
680.25,8490.718,2131.2878
343.5,8499.752,1578.5911
393.5,8597.826,232.75218
458.75,8697.837,185.72266
795.25,8733.612,700.7098
711.5,8748.147,151.46944
362.75,8767.748,457.96033
488.25,8806.55,1910.8359
205.25,8816.252,391.0927
685.25,8917.423,1955.03
1094.75,8968.44,99.0581
507.75,8988.044,560.313
915.5,8990.117,1817.3024
623.5,9037.818,531.9137
350.25,9057.402,214.15446
460.5,9074.844,93.2236
291.25,9091.32,226.10971
303,9136.695,608.6493
674,9182.473,1888.2104
974,9275.743,356.77216
678.5,9353.761,285.15253
743.75,9384.061,2009.2839
381.5,9394.847,675.4856
431.5,9487.841,562.9598
510.75,9828.592,109.511665
137.25,9833.459,195.55225
181.5,9924.095,192.49683
320,9929.28,1780.1493
379,10023.35,549.8405
377.5,10083.086,662.7179
515.25,10267.981,261.09552
462.25,10354.594,432.2362
659.75,10479.317,190.45924
410.25,10639.834,448.20477
1067.75,10760.711,421.94785
473.25,11657.108,402.7612
342,11722.662,-122.23819
272.25,12280.3955,452.0319
289.75,12387.68,315.55475
352.25,12425.835,151.98326
96.25,12535.036,290.2929
588.5,12773.505,420.4634